scenario,fixed_share_assumption,model,stage,date,actual_revenue_gbp_blended,predicted_revenue_gbp_blended,revenue_error_gbp,abs_revenue_error_gbp
main_extended,0.7,Baseline_AssetMonthSeasonal,test,2024-01-01,2905.603396162826,3502.367173091242,596.7637769284161,596.7637769284161
main_extended,0.7,Baseline_AssetMonthSeasonal,test,2024-02-01,2675.615670243126,3016.701953822133,341.08628357900716,341.08628357900716
main_extended,0.7,Baseline_AssetMonthSeasonal,test,2024-03-01,2751.51547248978,3374.6628657878905,623.1473932981103,623.1473932981103
main_extended,0.7,Baseline_AssetMonthSeasonal,test,2024-04-01,3121.186594608051,2813.045931259357,-308.14066334869403,308.14066334869403
main_extended,0.7,Baseline_AssetMonthSeasonal,test,2024-05-01,3154.449616272154,3248.146048551342,93.69643227918823,93.69643227918823
main_extended,0.7,Baseline_AssetMonthSeasonal,test,2024-06-01,3363.6135513955096,2934.378525034484,-429.2350263610256,429.2350263610256
main_extended,0.7,Baseline_AssetMonthSeasonal,test,2024-07-01,3546.0632104373576,3581.0096399450035,34.94642950764592,34.94642950764592
main_extended,0.7,Baseline_AssetMonthSeasonal,test,2024-08-01,3589.641944146939,3205.4189365094053,-384.22300763753356,384.22300763753356
main_extended,0.7,Baseline_AssetMonthSeasonal,test,2024-09-01,3360.821764552597,3316.9953146548514,-43.82644989774553,43.82644989774553
main_extended,0.7,Baseline_AssetMonthSeasonal,test,2024-10-01,3314.175920748757,3759.5155573348197,445.3396365860626,445.3396365860626
main_extended,0.7,Baseline_AssetMonthSeasonal,test,2024-11-01,2423.1379563865617,3290.2140679268846,867.0761115403229,867.0761115403229
main_extended,0.7,Baseline_AssetMonthSeasonal,test,2024-12-01,2626.208302587889,3575.827790177088,949.6194875891988,949.6194875891988
main_extended,0.7,Baseline_AssetMonthSeasonal,validation,2023-01-01,3156.6309540305083,3153.861828412328,-2.769125618180169,2.769125618180169
main_extended,0.7,Baseline_AssetMonthSeasonal,validation,2023-02-01,3102.407425355784,3220.8916397049225,118.48421434913826,118.48421434913826
main_extended,0.7,Baseline_AssetMonthSeasonal,validation,2023-03-01,3511.773919994967,3548.6832124073867,36.909292412419745,36.909292412419745
main_extended,0.7,Baseline_AssetMonthSeasonal,validation,2023-04-01,3455.7073181045757,3590.9515032756735,135.2441851710978,135.2441851710978
main_extended,0.7,Baseline_AssetMonthSeasonal,validation,2023-05-01,3313.024758461883,3533.53910260789,220.51434414600726,220.51434414600726
main_extended,0.7,Baseline_AssetMonthSeasonal,validation,2023-06-01,2950.394550774985,3363.584409858158,413.1898590831729,413.1898590831729
main_extended,0.7,Baseline_AssetMonthSeasonal,validation,2023-07-01,3165.586598177,3104.1134763262294,-61.47312185077044,61.47312185077044
main_extended,0.7,Baseline_AssetMonthSeasonal,validation,2023-08-01,3158.9031501454065,3149.2999758408628,-9.6031743045437,9.6031743045437
main_extended,0.7,Baseline_AssetMonthSeasonal,validation,2023-09-01,3066.3146971439205,2718.5030393577185,-347.811657786202,347.811657786202
main_extended,0.7,Baseline_AssetMonthSeasonal,validation,2023-10-01,3036.963653864687,2773.527582376585,-263.4360714881018,263.4360714881018
main_extended,0.7,Baseline_AssetMonthSeasonal,validation,2023-11-01,2524.6399308431915,2026.109224278417,-498.5307065647744,498.5307065647744
main_extended,0.7,Baseline_AssetMonthSeasonal,validation,2023-12-01,2543.4139983704795,1927.8472336400018,-615.5667647304776,615.5667647304776
main_extended,0.7,ElasticNet,test,2024-01-01,2905.603396162826,3073.9762915232377,168.3728953604118,168.3728953604118
main_extended,0.7,ElasticNet,test,2024-02-01,2675.615670243126,2872.263403420352,196.6477331772262,196.6477331772262
main_extended,0.7,ElasticNet,test,2024-03-01,2751.51547248978,2957.623307866027,206.10783537624684,206.10783537624684
main_extended,0.7,ElasticNet,test,2024-04-01,3121.186594608051,2857.2214914223277,-263.96510318572336,263.96510318572336
main_extended,0.7,ElasticNet,test,2024-05-01,3154.449616272154,3275.1741860537077,120.72456978155378,120.72456978155378
main_extended,0.7,ElasticNet,test,2024-06-01,3363.6135513955096,3274.6773432996765,-88.93620809583308,88.93620809583308
main_extended,0.7,ElasticNet,test,2024-07-01,3546.0632104373576,3686.675549585154,140.61233914779632,140.61233914779632
main_extended,0.7,ElasticNet,test,2024-08-01,3589.641944146939,3444.24305259646,-145.39889155047877,145.39889155047877
main_extended,0.7,ElasticNet,test,2024-09-01,3360.821764552597,3297.869198053774,-62.95256649882276,62.95256649882276
main_extended,0.7,ElasticNet,test,2024-10-01,3314.175920748757,3459.3391310933416,145.1632103445845,145.1632103445845
main_extended,0.7,ElasticNet,test,2024-11-01,2423.1379563865617,3279.0436807609935,855.9057243744319,855.9057243744319
main_extended,0.7,ElasticNet,test,2024-12-01,2626.208302587889,3389.9145052765634,763.7062026886742,763.7062026886742
main_extended,0.7,ElasticNet,validation,2023-01-01,3156.6309540305083,2755.405329415565,-401.2256246149432,401.2256246149432
main_extended,0.7,ElasticNet,validation,2023-02-01,3102.407425355784,2871.696773282374,-230.71065207341007,230.71065207341007
main_extended,0.7,ElasticNet,validation,2023-03-01,3511.773919994967,3133.5515605962046,-378.22235939876236,378.22235939876236
main_extended,0.7,ElasticNet,validation,2023-04-01,3455.7073181045757,3424.623298113416,-31.08401999115995,31.08401999115995
main_extended,0.7,ElasticNet,validation,2023-05-01,3313.024758461883,3437.807598389868,124.78283992798515,124.78283992798515
main_extended,0.7,ElasticNet,validation,2023-06-01,2950.394550774985,3345.1885292215547,394.7939784465698,394.7939784465698
main_extended,0.7,ElasticNet,validation,2023-07-01,3165.586598177,3195.4743997361484,29.887801559148556,29.887801559148556
main_extended,0.7,ElasticNet,validation,2023-08-01,3158.9031501454065,3037.3122012944077,-121.59094885099876,121.59094885099876
main_extended,0.7,ElasticNet,validation,2023-09-01,3066.3146971439205,2598.0581510440365,-468.25654609988396,468.25654609988396
main_extended,0.7,ElasticNet,validation,2023-10-01,3036.963653864687,2289.859461365352,-747.1041924993347,747.1041924993347
main_extended,0.7,ElasticNet,validation,2023-11-01,2524.6399308431915,2018.9210300024795,-505.71890084071197,505.71890084071197
main_extended,0.7,ElasticNet,validation,2023-12-01,2543.4139983704795,1904.6687689534517,-638.7452294170278,638.7452294170278
main_extended,0.7,ExtraTrees,test,2024-01-01,2905.603396162826,3081.0595923333162,175.45619617049033,175.45619617049033
main_extended,0.7,ExtraTrees,test,2024-02-01,2675.615670243126,2957.0640619855362,281.4483917424104,281.4483917424104
main_extended,0.7,ExtraTrees,test,2024-03-01,2751.51547248978,3010.572807754137,259.0573352643569,259.0573352643569
main_extended,0.7,ExtraTrees,test,2024-04-01,3121.186594608051,2931.430503893417,-189.75609071463396,189.75609071463396
main_extended,0.7,ExtraTrees,test,2024-05-01,3154.449616272154,3332.825232860538,178.37561658838422,178.37561658838422
main_extended,0.7,ExtraTrees,test,2024-06-01,3363.6135513955096,3335.421104836263,-28.19244655924649,28.19244655924649
main_extended,0.7,ExtraTrees,test,2024-07-01,3546.0632104373576,3656.2184210692135,110.15521063185588,110.15521063185588
main_extended,0.7,ExtraTrees,test,2024-08-01,3589.641944146939,3375.00278268815,-214.63916145878875,214.63916145878875
main_extended,0.7,ExtraTrees,test,2024-09-01,3360.821764552597,3282.7437760755092,-78.07798847708773,78.07798847708773
main_extended,0.7,ExtraTrees,test,2024-10-01,3314.175920748757,3271.4769040927426,-42.699016656014464,42.699016656014464
main_extended,0.7,ExtraTrees,test,2024-11-01,2423.1379563865617,2955.1896896925427,532.0517333059811,532.0517333059811
main_extended,0.7,ExtraTrees,test,2024-12-01,2626.208302587889,2869.297194543126,243.0888919552367,243.0888919552367
main_extended,0.7,ExtraTrees,validation,2023-01-01,3156.6309540305083,2805.959741504485,-350.6712125260233,350.6712125260233
main_extended,0.7,ExtraTrees,validation,2023-02-01,3102.407425355784,2988.966678828101,-113.44074652768313,113.44074652768313
main_extended,0.7,ExtraTrees,validation,2023-03-01,3511.773919994967,3017.905397347353,-493.8685226476141,493.8685226476141
main_extended,0.7,ExtraTrees,validation,2023-04-01,3455.7073181045757,3277.2171033951618,-178.49021470941398,178.49021470941398
main_extended,0.7,ExtraTrees,validation,2023-05-01,3313.024758461883,3059.680134118735,-253.34462434314764,253.34462434314764
main_extended,0.7,ExtraTrees,validation,2023-06-01,2950.394550774985,2958.8014545865854,8.406903811600387,8.406903811600387
main_extended,0.7,ExtraTrees,validation,2023-07-01,3165.586598177,2737.569827320927,-428.016770856073,428.016770856073
main_extended,0.7,ExtraTrees,validation,2023-08-01,3158.9031501454065,2806.6292337343,-352.27391641110626,352.27391641110626
main_extended,0.7,ExtraTrees,validation,2023-09-01,3066.3146971439205,2646.935077389394,-419.37961975452663,419.37961975452663
main_extended,0.7,ExtraTrees,validation,2023-10-01,3036.963653864687,2450.810149307567,-586.15350455712,586.15350455712
main_extended,0.7,ExtraTrees,validation,2023-11-01,2524.6399308431915,2250.352930035313,-274.2870008078785,274.2870008078785
main_extended,0.7,ExtraTrees,validation,2023-12-01,2543.4139983704795,2073.102141780037,-470.3118565904424,470.3118565904424
main_extended,0.7,Ridge,test,2024-01-01,2905.603396162826,3016.531203568338,110.92780740551189,110.92780740551189
main_extended,0.7,Ridge,test,2024-02-01,2675.615670243126,3001.316195521696,325.70052527857024,325.70052527857024
main_extended,0.7,Ridge,test,2024-03-01,2751.51547248978,3494.6286181814135,743.1131456916332,743.1131456916332
main_extended,0.7,Ridge,test,2024-04-01,3121.186594608051,3224.4312359107657,103.24464130271463,103.24464130271463
main_extended,0.7,Ridge,test,2024-05-01,3154.449616272154,3261.072259783344,106.62264351119029,106.62264351119029
main_extended,0.7,Ridge,test,2024-06-01,3363.6135513955096,3461.0929830024243,97.47943160691466,97.47943160691466
main_extended,0.7,Ridge,test,2024-07-01,3546.0632104373576,3764.684208522107,218.62099808474932,218.62099808474932
main_extended,0.7,Ridge,test,2024-08-01,3589.641944146939,3698.7254586122804,109.08351446534152,109.08351446534152
main_extended,0.7,Ridge,test,2024-09-01,3360.821764552597,3438.71128741706,77.88952286446283,77.88952286446283
main_extended,0.7,Ridge,test,2024-10-01,3314.175920748757,3495.5958874547155,181.41996670595836,181.41996670595836
main_extended,0.7,Ridge,test,2024-11-01,2423.1379563865617,3152.5019364794325,729.3639800928709,729.3639800928709
main_extended,0.7,Ridge,test,2024-12-01,2626.208302587889,3042.030784811513,415.82248222362387,415.82248222362387
main_extended,0.7,Ridge,validation,2023-01-01,3156.6309540305083,2816.1012904083154,-340.52966362219286,340.52966362219286
main_extended,0.7,Ridge,validation,2023-02-01,3102.407425355784,3200.234634965271,97.827209609487,97.827209609487
main_extended,0.7,Ridge,validation,2023-03-01,3511.773919994967,3749.4891747821353,237.7152547871683,237.7152547871683
main_extended,0.7,Ridge,validation,2023-04-01,3455.7073181045757,3991.2209557811343,535.5136376765586,535.5136376765586
main_extended,0.7,Ridge,validation,2023-05-01,3313.024758461883,3783.068548560357,470.04379009847435,470.04379009847435
main_extended,0.7,Ridge,validation,2023-06-01,2950.394550774985,3419.325207275055,468.9306565000702,468.9306565000702
main_extended,0.7,Ridge,validation,2023-07-01,3165.586598177,3519.5208251312706,353.9342269542708,353.9342269542708
main_extended,0.7,Ridge,validation,2023-08-01,3158.9031501454065,3497.498398374163,338.59524822875665,338.59524822875665
main_extended,0.7,Ridge,validation,2023-09-01,3066.3146971439205,2973.496664656885,-92.81803248703545,92.81803248703545
main_extended,0.7,Ridge,validation,2023-10-01,3036.963653864687,2795.5888424369628,-241.37481142772413,241.37481142772413
main_extended,0.7,Ridge,validation,2023-11-01,2524.6399308431915,2543.4855590693296,18.84562822613816,18.84562822613816
main_extended,0.7,Ridge,validation,2023-12-01,2543.4139983704795,2194.7358868319716,-348.6781115385079,348.6781115385079
main_extended,0.7,XGBoost,test,2024-01-01,2905.603396162826,3426.9903621169597,521.3869659541338,521.3869659541338
main_extended,0.7,XGBoost,test,2024-02-01,2675.615670243126,3340.7686252979406,665.1529550548148,665.1529550548148
main_extended,0.7,XGBoost,test,2024-03-01,2751.51547248978,3171.8814776864565,420.36600519667627,420.36600519667627
main_extended,0.7,XGBoost,test,2024-04-01,3121.186594608051,3062.176567658524,-59.010026949526946,59.010026949526946
main_extended,0.7,XGBoost,test,2024-05-01,3154.449616272154,3412.0337252532286,257.5841089810747,257.5841089810747
main_extended,0.7,XGBoost,test,2024-06-01,3363.6135513955096,3498.605970355955,134.99241896044532,134.99241896044532
main_extended,0.7,XGBoost,test,2024-07-01,3546.0632104373576,3832.0838107175227,286.0206002801651,286.0206002801651
main_extended,0.7,XGBoost,test,2024-08-01,3589.641944146939,3595.7490419223263,6.107097775387501,6.107097775387501
main_extended,0.7,XGBoost,test,2024-09-01,3360.821764552597,3348.03102266858,-12.790741884016825,12.790741884016825
main_extended,0.7,XGBoost,test,2024-10-01,3314.175920748757,3637.165316057923,322.98939530916596,322.98939530916596
main_extended,0.7,XGBoost,test,2024-11-01,2423.1379563865617,3474.3983628511705,1051.2604064646089,1051.2604064646089
main_extended,0.7,XGBoost,test,2024-12-01,2626.208302587889,3383.926118137471,757.7178155495817,757.7178155495817
main_extended,0.7,XGBoost,validation,2023-01-01,3156.6309540305083,2880.7993839327205,-275.8315700977878,275.8315700977878
main_extended,0.7,XGBoost,validation,2023-02-01,3102.407425355784,2963.7744992564276,-138.6329260993566,138.6329260993566
main_extended,0.7,XGBoost,validation,2023-03-01,3511.773919994967,3286.771979432584,-225.00194056238297,225.00194056238297
main_extended,0.7,XGBoost,validation,2023-04-01,3455.7073181045757,3422.773461045617,-32.93385705895889,32.93385705895889
main_extended,0.7,XGBoost,validation,2023-05-01,3313.024758461883,3309.179404899857,-3.8453535620255934,3.8453535620255934
main_extended,0.7,XGBoost,validation,2023-06-01,2950.394550774985,3238.1529580627735,287.7584072877885,287.7584072877885
main_extended,0.7,XGBoost,validation,2023-07-01,3165.586598177,3008.053361861978,-157.5332363150219,157.5332363150219
main_extended,0.7,XGBoost,validation,2023-08-01,3158.9031501454065,2974.8907626001724,-184.0123875452341,184.0123875452341
main_extended,0.7,XGBoost,validation,2023-09-01,3066.3146971439205,2777.41087505501,-288.9038220889106,288.9038220889106
main_extended,0.7,XGBoost,validation,2023-10-01,3036.963653864687,2407.3856389300704,-629.5780149346165,629.5780149346165
main_extended,0.7,XGBoost,validation,2023-11-01,2524.6399308431915,2448.0149044910745,-76.62502635211695,76.62502635211695
main_extended,0.7,XGBoost,validation,2023-12-01,2543.4139983704795,2043.849941988111,-499.56405638236856,499.56405638236856
main_extended,0.8,Baseline_AssetMonthSeasonal,test,2024-01-01,2965.1582906314657,3574.153676252456,608.9953856209904,608.9953856209904
main_extended,0.8,Baseline_AssetMonthSeasonal,test,2024-02-01,2760.507131410437,3112.415340320192,351.9082089097551,351.9082089097551
main_extended,0.8,Baseline_AssetMonthSeasonal,test,2024-03-01,2807.1739068778566,3442.9265021640185,635.752595286162,635.752595286162
main_extended,0.8,Baseline_AssetMonthSeasonal,test,2024-04-01,3228.4446665910073,2909.7148979618323,-318.72976862917494,318.72976862917494
main_extended,0.8,Baseline_AssetMonthSeasonal,test,2024-05-01,3155.231976952035,3248.9516476446956,93.71967069266066,93.71967069266066
main_extended,0.8,Baseline_AssetMonthSeasonal,test,2024-06-01,3374.494171512661,2943.870655305389,-430.62351620727213,430.62351620727213
main_extended,0.8,Baseline_AssetMonthSeasonal,test,2024-07-01,3554.5620739464284,3589.5922596977985,35.03018575137003,35.03018575137003
main_extended,0.8,Baseline_AssetMonthSeasonal,test,2024-08-01,3657.6576846785015,3266.1545045891326,-391.5031800893689,391.5031800893689
main_extended,0.8,Baseline_AssetMonthSeasonal,test,2024-09-01,3325.975857792512,3282.6038123511016,-43.37204544141059,43.37204544141059
main_extended,0.8,Baseline_AssetMonthSeasonal,test,2024-10-01,3254.677139036622,3692.021676249985,437.34453721336286,437.34453721336286
main_extended,0.8,Baseline_AssetMonthSeasonal,test,2024-11-01,2342.6704924176015,3180.952776689517,838.2822842719156,838.2822842719156
main_extended,0.8,Baseline_AssetMonthSeasonal,test,2024-12-01,2570.4518230614913,3499.910137804857,929.4583147433659,929.4583147433659
main_extended,0.8,Baseline_AssetMonthSeasonal,validation,2023-01-01,3156.6309540305083,3153.861828412328,-2.769125618180169,2.769125618180169
main_extended,0.8,Baseline_AssetMonthSeasonal,validation,2023-02-01,3097.1085437312404,3215.390388197854,118.28184446661362,118.28184446661362
main_extended,0.8,Baseline_AssetMonthSeasonal,validation,2023-03-01,3539.268800683049,3576.4670685859987,37.19826790294974,37.19826790294974
main_extended,0.8,Baseline_AssetMonthSeasonal,validation,2023-04-01,3521.1322051512834,3658.9368894399386,137.80468428865515,137.80468428865515
main_extended,0.8,Baseline_AssetMonthSeasonal,validation,2023-05-01,3422.3844948339693,3650.1778037629824,227.79330892901316,227.79330892901316
main_extended,0.8,Baseline_AssetMonthSeasonal,validation,2023-06-01,3014.634117705152,3436.8204473113833,422.1863296062311,422.1863296062311
main_extended,0.8,Baseline_AssetMonthSeasonal,validation,2023-07-01,3283.544701628524,3219.780929169447,-63.76377245907679,63.76377245907679
main_extended,0.8,Baseline_AssetMonthSeasonal,validation,2023-08-01,3222.1006192578975,3212.3053224720225,-9.795296785875053,9.795296785875053
main_extended,0.8,Baseline_AssetMonthSeasonal,validation,2023-09-01,3116.0048958834236,2762.556885633004,-353.44801025041943,353.44801025041943
main_extended,0.8,Baseline_AssetMonthSeasonal,validation,2023-10-01,3071.5216883068247,2805.08794089323,-266.4337474135946,266.4337474135946
main_extended,0.8,Baseline_AssetMonthSeasonal,validation,2023-11-01,2538.7696563458585,2037.4488085207981,-501.32084782506035,501.32084782506035
main_extended,0.8,Baseline_AssetMonthSeasonal,validation,2023-12-01,2624.235216890835,1989.1077923393357,-635.1274245514994,635.1274245514994
main_extended,0.8,ElasticNet,test,2024-01-01,2965.1582906314657,3136.9822523100856,171.82396167861998,171.82396167861998
main_extended,0.8,ElasticNet,test,2024-02-01,2760.507131410437,2963.394069115546,202.88693770510872,202.88693770510872
main_extended,0.8,ElasticNet,test,2024-03-01,2807.1739068778566,3017.450949931419,210.27704305356247,210.27704305356247
main_extended,0.8,ElasticNet,test,2024-04-01,3228.4446665910073,2955.4085299440376,-273.0361366469697,273.0361366469697
main_extended,0.8,ElasticNet,test,2024-05-01,3155.231976952035,3275.986488615052,120.75451166301718,120.75451166301718
main_extended,0.8,ElasticNet,test,2024-06-01,3374.494171512661,3285.270272491529,-89.22389902113218,89.22389902113218
main_extended,0.8,ElasticNet,test,2024-07-01,3554.5620739464284,3695.5114192351734,140.949345288745,140.949345288745
main_extended,0.8,ElasticNet,test,2024-08-01,3657.6576846785015,3509.5038071335566,-148.15387754494486,148.15387754494486
main_extended,0.8,ElasticNet,test,2024-09-01,3325.975857792512,3263.676000486918,-62.29985730559429,62.29985730559429
main_extended,0.8,ElasticNet,test,2024-10-01,3254.677139036622,3397.234261360697,142.55712232407495,142.55712232407495
main_extended,0.8,ElasticNet,test,2024-11-01,2342.6704924176015,3170.1533352737106,827.4828428561091,827.4828428561091
main_extended,0.8,ElasticNet,test,2024-12-01,2570.4518230614913,3317.943938995343,747.4921159338519,747.4921159338519
main_extended,0.8,ElasticNet,validation,2023-01-01,3156.6309540305083,2755.405329415565,-401.2256246149432,401.2256246149432
main_extended,0.8,ElasticNet,validation,2023-02-01,3097.1085437312404,2866.7919432014373,-230.31660052980305,230.31660052980305
main_extended,0.8,ElasticNet,validation,2023-03-01,3539.268800683049,3158.085208903687,-381.1835917793619,381.1835917793619
main_extended,0.8,ElasticNet,validation,2023-04-01,3521.1322051512834,3489.459689575956,-31.672515575327452,31.672515575327452
main_extended,0.8,ElasticNet,validation,2023-05-01,3422.3844948339693,3551.286295371419,128.90180053744962,128.90180053744962
main_extended,0.8,ElasticNet,validation,2023-06-01,3014.634117705152,3418.024029260188,403.3899115550357,403.3899115550357
main_extended,0.8,ElasticNet,validation,2023-07-01,3283.544701628524,3314.546201479889,31.001499851365224,31.001499851365224
main_extended,0.8,ElasticNet,validation,2023-08-01,3222.1006192578975,3098.0771044594385,-124.02351479845902,124.02351479845902
main_extended,0.8,ElasticNet,validation,2023-09-01,3116.0048958834236,2640.160165551031,-475.8447303323928,475.8447303323928
main_extended,0.8,ElasticNet,validation,2023-10-01,3071.5216883068247,2315.9160926433783,-755.6055956634464,755.6055956634464
main_extended,0.8,ElasticNet,validation,2023-11-01,2538.7696563458585,2030.2203838695357,-508.5492724763228,508.5492724763228
main_extended,0.8,ElasticNet,validation,2023-12-01,2624.235216890835,1965.192793309341,-659.0424235814942,659.0424235814942
main_extended,0.8,ExtraTrees,test,2024-01-01,2965.1582906314657,3144.210736469272,179.05244583780632,179.05244583780632
main_extended,0.8,ExtraTrees,test,2024-02-01,2760.507131410437,3050.885267990241,290.37813657980405,290.37813657980405
main_extended,0.8,ExtraTrees,test,2024-03-01,2807.1739068778566,3071.4715273020543,264.2976204241977,264.2976204241977
main_extended,0.8,ExtraTrees,test,2024-04-01,3228.4446665910073,3032.1676993378683,-196.276967253139,196.276967253139
main_extended,0.8,ExtraTrees,test,2024-05-01,3155.231976952035,3333.6518339264276,178.4198569743926,178.4198569743926
main_extended,0.8,ExtraTrees,test,2024-06-01,3374.494171512661,3346.2105280021306,-28.28364351053051,28.28364351053051
main_extended,0.8,ExtraTrees,test,2024-07-01,3554.5620739464284,3664.981294000682,110.4192200542534,110.4192200542534
main_extended,0.8,ExtraTrees,test,2024-08-01,3657.6576846785015,3438.951587926209,-218.70609675229252,218.70609675229252
main_extended,0.8,ExtraTrees,test,2024-09-01,3325.975857792512,3248.7074029643622,-77.26845482814997,77.26845482814997
main_extended,0.8,ExtraTrees,test,2024-10-01,3254.677139036622,3212.744689856834,-41.93244917978791,41.93244917978791
main_extended,0.8,ExtraTrees,test,2024-11-01,2342.6704924176015,2857.0538740036227,514.3833815860212,514.3833815860212
main_extended,0.8,ExtraTrees,test,2024-12-01,2570.4518230614913,2808.379745563527,237.92792250203593,237.92792250203593
main_extended,0.8,ExtraTrees,validation,2023-01-01,3156.6309540305083,2805.959741504485,-350.6712125260233,350.6712125260233
main_extended,0.8,ExtraTrees,validation,2023-02-01,3097.1085437312404,2983.8615528922323,-113.24699083900805,113.24699083900805
main_extended,0.8,ExtraTrees,validation,2023-03-01,3539.268800683049,3041.5336122377075,-497.73518844534146,497.73518844534146
main_extended,0.8,ExtraTrees,validation,2023-04-01,3521.1322051512834,3339.2627395211894,-181.86946563009406,181.86946563009406
main_extended,0.8,ExtraTrees,validation,2023-05-01,3422.3844948339693,3160.6772099768345,-261.7072848571347,261.7072848571347
main_extended,0.8,ExtraTrees,validation,2023-06-01,3014.634117705152,3023.2240668182494,8.589949113097191,8.589949113097191
main_extended,0.8,ExtraTrees,validation,2023-07-01,3283.544701628524,2839.578897324842,-443.96580430368203,443.96580430368203
main_extended,0.8,ExtraTrees,validation,2023-08-01,3222.1006192578975,2862.779060392004,-359.3215588658936,359.3215588658936
main_extended,0.8,ExtraTrees,validation,2023-09-01,3116.0048958834236,2689.8291515588026,-426.17574432462106,426.17574432462106
main_extended,0.8,ExtraTrees,validation,2023-10-01,3071.5216883068247,2478.698260988829,-592.8234273179955,592.8234273179955
main_extended,0.8,ExtraTrees,validation,2023-11-01,2538.7696563458585,2262.947545527631,-275.82211081822743,275.82211081822743
main_extended,0.8,ExtraTrees,validation,2023-12-01,2624.235216890835,2138.978417259833,-485.2567996310022,485.2567996310022
main_extended,0.8,Ridge,test,2024-01-01,2965.1582906314657,3078.3597372653726,113.20144663390693,113.20144663390693
main_extended,0.8,Ridge,test,2024-02-01,2760.507131410437,3096.541425399274,336.0342939888369,336.0342939888369
main_extended,0.8,Ridge,test,2024-03-01,2807.1739068778566,3565.3189557791666,758.14504890131,758.14504890131
main_extended,0.8,Ridge,test,2024-04-01,3228.4446665910073,3335.2372601974484,106.79259360644119,106.79259360644119
main_extended,0.8,Ridge,test,2024-05-01,3155.231976952035,3261.881064811373,106.64908785933812,106.64908785933812
main_extended,0.8,Ridge,test,2024-06-01,3374.494171512661,3472.2889296719113,97.79475815925025,97.79475815925025
main_extended,0.8,Ridge,test,2024-07-01,3554.5620739464284,3773.707041828859,219.1449678824306,219.1449678824306
main_extended,0.8,Ridge,test,2024-08-01,3657.6576846785015,3768.8080894163513,111.15040473784984,111.15040473784984
main_extended,0.8,Ridge,test,2024-09-01,3325.975857792512,3403.057801070354,77.08194327784167,77.08194327784167
main_extended,0.8,Ridge,test,2024-10-01,3254.677139036622,3432.8401069424617,178.16296790583965,178.16296790583965
main_extended,0.8,Ridge,test,2024-11-01,2342.6704924176015,3047.81378394683,705.1432915292285,705.1432915292285
main_extended,0.8,Ridge,test,2024-12-01,2570.4518230614913,2977.4460650827396,406.9942420212483,406.9942420212483
main_extended,0.8,Ridge,validation,2023-01-01,3156.6309540305083,2816.1012904083154,-340.52966362219286,340.52966362219286
main_extended,0.8,Ridge,validation,2023-02-01,3097.1085437312404,3194.7686654208296,97.66012168958923,97.66012168958923
main_extended,0.8,Ridge,validation,2023-03-01,3539.268800683049,3778.8452096096958,239.57640892664676,239.57640892664676
main_extended,0.8,Ridge,validation,2023-04-01,3521.1322051512834,4066.784409561606,545.6522044103226,545.6522044103226
main_extended,0.8,Ridge,validation,2023-05-01,3422.3844948339693,3907.9439748883406,485.5594800543713,485.5594800543713
main_extended,0.8,Ridge,validation,2023-06-01,3014.634117705152,3493.7749009443496,479.1407832391974,479.1407832391974
main_extended,0.8,Ridge,validation,2023-07-01,3283.544701628524,3650.6674511088095,367.1227494802856,367.1227494802856
main_extended,0.8,Ridge,validation,2023-08-01,3222.1006192578975,3567.469852545547,345.3692332876494,345.3692332876494
main_extended,0.8,Ridge,validation,2023-09-01,3116.0048958834236,3021.68272995399,-94.3221659294336,94.3221659294336
main_extended,0.8,Ridge,validation,2023-10-01,3071.5216883068247,2827.4002391193208,-244.1214491875039,244.1214491875039
main_extended,0.8,Ridge,validation,2023-11-01,2538.7696563458585,2557.720758445917,18.951102100058506,18.951102100058506
main_extended,0.8,Ridge,validation,2023-12-01,2624.235216890835,2264.4772772692963,-359.75793962153875,359.75793962153875
main_extended,0.8,XGBoost,test,2024-01-01,2965.1582906314657,3497.231899427403,532.0736087959372,532.0736087959372
main_extended,0.8,XGBoost,test,2024-02-01,2760.507131410437,3446.763941881537,686.2568104710999,686.2568104710999
main_extended,0.8,XGBoost,test,2024-03-01,2807.1739068778566,3236.043194703013,428.86928782515633,428.86928782515633
main_extended,0.8,XGBoost,test,2024-04-01,3228.4446665910073,3167.406788525753,-61.03787806525406,61.03787806525406
main_extended,0.8,XGBoost,test,2024-05-01,3155.231976952035,3412.8799714609013,257.6479945088663,257.6479945088663
main_extended,0.8,XGBoost,test,2024-06-01,3374.494171512661,3509.923264070403,135.42909255774202,135.42909255774202
main_extended,0.8,XGBoost,test,2024-07-01,3554.5620739464284,3841.268180913392,286.7061069669635,286.7061069669635
main_extended,0.8,XGBoost,test,2024-08-01,3657.6576846785015,3663.88049838995,6.2228137114484525,6.2228137114484525
main_extended,0.8,XGBoost,test,2024-09-01,3325.975857792512,3313.3177337711213,-12.658124021390904,12.658124021390904
main_extended,0.8,XGBoost,test,2024-10-01,3254.677139036622,3571.867966017981,317.1908269813589,317.1908269813589
main_extended,0.8,XGBoost,test,2024-11-01,2342.6704924176015,3359.020687246827,1016.3501948292255,1016.3501948292255
main_extended,0.8,XGBoost,test,2024-12-01,2570.4518230614913,3312.0826900518714,741.6308669903801,741.6308669903801
main_extended,0.8,XGBoost,validation,2023-01-01,3156.6309540305083,2880.7993839327205,-275.8315700977878,275.8315700977878
main_extended,0.8,XGBoost,validation,2023-02-01,3097.1085437312404,2958.7124013175667,-138.39614241367372,138.39614241367372
main_extended,0.8,XGBoost,validation,2023-03-01,3539.268800683049,3312.5052428721506,-226.76355781089842,226.76355781089842
main_extended,0.8,XGBoost,validation,2023-04-01,3521.1322051512834,3487.574830624046,-33.55737452723724,33.55737452723724
main_extended,0.8,XGBoost,validation,2023-05-01,3422.3844948339693,3418.4122098776866,-3.9722849562826923,3.9722849562826923
main_extended,0.8,XGBoost,validation,2023-06-01,3014.634117705152,3308.657949886647,294.023832181495,294.023832181495
main_extended,0.8,XGBoost,validation,2023-07-01,3283.544701628524,3120.141361555481,-163.40334007304273,163.40334007304273
main_extended,0.8,XGBoost,validation,2023-08-01,3222.1006192578975,3034.4068535173014,-187.69376574059606,187.69376574059606
main_extended,0.8,XGBoost,validation,2023-09-01,3116.0048958834236,2822.419333740378,-293.58556214304554,293.58556214304554
main_extended,0.8,XGBoost,validation,2023-10-01,3071.5216883068247,2434.7796170304614,-636.7420712763633,636.7420712763633
main_extended,0.8,XGBoost,validation,2023-11-01,2538.7696563458585,2461.715780487021,-77.05387585883727,77.05387585883727
main_extended,0.8,XGBoost,validation,2023-12-01,2624.235216890835,2108.7966800693157,-515.4385368215194,515.4385368215194
main_extended,0.9,Baseline_AssetMonthSeasonal,test,2024-01-01,3024.7131851001054,3645.94017941367,621.2269943135648,621.2269943135648
main_extended,0.9,Baseline_AssetMonthSeasonal,test,2024-02-01,2845.398592577748,3208.128726818251,362.73013424050305,362.73013424050305
main_extended,0.9,Baseline_AssetMonthSeasonal,test,2024-03-01,2862.8323412659324,3511.1901385401466,648.3577972742141,648.3577972742141
main_extended,0.9,Baseline_AssetMonthSeasonal,test,2024-04-01,3335.702738573963,3006.383864664307,-329.31887390965585,329.31887390965585
main_extended,0.9,Baseline_AssetMonthSeasonal,test,2024-05-01,3156.0143376319156,3249.7572467380487,93.74290910613308,93.74290910613308
main_extended,0.9,Baseline_AssetMonthSeasonal,test,2024-06-01,3385.3747916298125,2953.3627855762943,-432.01200605351823,432.01200605351823
main_extended,0.9,Baseline_AssetMonthSeasonal,test,2024-07-01,3563.0609374554992,3598.174879450594,35.11394199509459,35.11394199509459
main_extended,0.9,Baseline_AssetMonthSeasonal,test,2024-08-01,3725.673425210064,3326.89007266886,-398.7833525412043,398.7833525412043
main_extended,0.9,Baseline_AssetMonthSeasonal,test,2024-09-01,3291.129951032427,3248.2123100473527,-42.917640985074286,42.917640985074286
main_extended,0.9,Baseline_AssetMonthSeasonal,test,2024-10-01,3195.178357324487,3624.52779516515,429.3494378406631,429.3494378406631
main_extended,0.9,Baseline_AssetMonthSeasonal,test,2024-11-01,2262.2030284486414,3071.691485452149,809.4884570035078,809.4884570035078
main_extended,0.9,Baseline_AssetMonthSeasonal,test,2024-12-01,2514.695343535093,3423.992485432626,909.297141897533,909.297141897533
main_extended,0.9,Baseline_AssetMonthSeasonal,validation,2023-01-01,3156.6309540305083,3153.8618284123277,-2.769125618180624,2.769125618180624
main_extended,0.9,Baseline_AssetMonthSeasonal,validation,2023-02-01,3091.809662106697,3209.889136690786,118.07947458408898,118.07947458408898
main_extended,0.9,Baseline_AssetMonthSeasonal,validation,2023-03-01,3566.763681371131,3604.2509247646108,37.48724339347973,37.48724339347973
main_extended,0.9,Baseline_AssetMonthSeasonal,validation,2023-04-01,3586.5570921979906,3726.922275604203,140.3651834062125,140.3651834062125
main_extended,0.9,Baseline_AssetMonthSeasonal,validation,2023-05-01,3531.7442312060552,3766.8165049180748,235.07227371201952,235.07227371201952
main_extended,0.9,Baseline_AssetMonthSeasonal,validation,2023-06-01,3078.8736846353195,3510.056484764609,431.1828001292897,431.1828001292897
main_extended,0.9,Baseline_AssetMonthSeasonal,validation,2023-07-01,3401.502805080048,3335.4483820126648,-66.05442306738314,66.05442306738314
main_extended,0.9,Baseline_AssetMonthSeasonal,validation,2023-08-01,3285.298088370389,3275.3106691031817,-9.987419267207315,9.987419267207315
main_extended,0.9,Baseline_AssetMonthSeasonal,validation,2023-09-01,3165.6950946229263,2806.61073190829,-359.0843627146364,359.0843627146364
main_extended,0.9,Baseline_AssetMonthSeasonal,validation,2023-10-01,3106.0797227489625,2836.6482994098747,-269.4314233390878,269.4314233390878
main_extended,0.9,Baseline_AssetMonthSeasonal,validation,2023-11-01,2552.899381848526,2048.7883927631797,-504.1109890853463,504.1109890853463
main_extended,0.9,Baseline_AssetMonthSeasonal,validation,2023-12-01,2705.0564354111907,2050.3683510386695,-654.6880843725212,654.6880843725212
main_extended,0.9,ElasticNet,test,2024-01-01,3024.7131851001054,3199.9882130969336,175.27502799682816,175.27502799682816
main_extended,0.9,ElasticNet,test,2024-02-01,2845.398592577748,3054.5247348107396,209.1261422329917,209.1261422329917
main_extended,0.9,ElasticNet,test,2024-03-01,2862.8323412659324,3077.278591996811,214.44625073087855,214.44625073087855
main_extended,0.9,ElasticNet,test,2024-04-01,3335.702738573963,3053.5955684657474,-282.10717010821554,282.10717010821554
main_extended,0.9,ElasticNet,test,2024-05-01,3156.0143376319156,3276.7987911763967,120.78445354448104,120.78445354448104
main_extended,0.9,ElasticNet,test,2024-06-01,3385.3747916298125,3295.863201683381,-89.51158994643174,89.51158994643174
main_extended,0.9,ElasticNet,test,2024-07-01,3563.0609374554992,3704.347288885192,141.2863514296928,141.2863514296928
main_extended,0.9,ElasticNet,test,2024-08-01,3725.673425210064,3574.764561670653,-150.90886353941096,150.90886353941096
main_extended,0.9,ElasticNet,test,2024-09-01,3291.129951032427,3229.4828029200617,-61.64714811236536,61.64714811236536
main_extended,0.9,ElasticNet,test,2024-10-01,3195.178357324487,3335.129391628052,139.95103430356494,139.95103430356494
main_extended,0.9,ElasticNet,test,2024-11-01,2262.2030284486414,3061.2629897864276,799.0599613377863,799.0599613377863
main_extended,0.9,ElasticNet,test,2024-12-01,2514.695343535093,3245.973372714123,731.27802917903,731.27802917903
main_extended,0.9,ElasticNet,validation,2023-01-01,3156.6309540305083,2755.405329415565,-401.2256246149432,401.2256246149432
main_extended,0.9,ElasticNet,validation,2023-02-01,3091.809662106697,2861.8871131205005,-229.9225489861965,229.9225489861965
main_extended,0.9,ElasticNet,validation,2023-03-01,3566.763681371131,3182.6188572111696,-384.14482415996144,384.14482415996144
main_extended,0.9,ElasticNet,validation,2023-04-01,3586.5570921979906,3554.296081038496,-32.2610111594945,32.2610111594945
main_extended,0.9,ElasticNet,validation,2023-05-01,3531.7442312060552,3664.76499235297,133.02076114691454,133.02076114691454
main_extended,0.9,ElasticNet,validation,2023-06-01,3078.8736846353195,3490.8595292988216,411.9858446635021,411.9858446635021
main_extended,0.9,ElasticNet,validation,2023-07-01,3401.502805080048,3433.6180032236293,32.11519814358144,32.11519814358144
main_extended,0.9,ElasticNet,validation,2023-08-01,3285.298088370389,3158.8420076244697,-126.45608074591928,126.45608074591928
main_extended,0.9,ElasticNet,validation,2023-09-01,3165.6950946229263,2682.262180058025,-483.43291456490124,483.43291456490124
main_extended,0.9,ElasticNet,validation,2023-10-01,3106.0797227489625,2341.9727239214044,-764.1069988275581,764.1069988275581
main_extended,0.9,ElasticNet,validation,2023-11-01,2552.899381848526,2041.5197377365917,-511.37964411193434,511.37964411193434
main_extended,0.9,ElasticNet,validation,2023-12-01,2705.0564354111907,2025.7168176652299,-679.3396177459608,679.3396177459608
main_extended,0.9,ExtraTrees,test,2024-01-01,3024.7131851001054,3207.3618806052277,182.6486955051223,182.6486955051223
main_extended,0.9,ExtraTrees,test,2024-02-01,2845.398592577748,3144.7064739949456,299.3078814171977,299.3078814171977
main_extended,0.9,ExtraTrees,test,2024-03-01,2862.8323412659324,3132.3702468499714,269.537905584039,269.537905584039
main_extended,0.9,ExtraTrees,test,2024-04-01,3335.702738573963,3132.90489478232,-202.79784379164312,202.79784379164312
main_extended,0.9,ExtraTrees,test,2024-05-01,3156.0143376319156,3334.478434992317,178.4640973604014,178.4640973604014
main_extended,0.9,ExtraTrees,test,2024-06-01,3385.3747916298125,3356.9999511679985,-28.374840461814074,28.374840461814074
main_extended,0.9,ExtraTrees,test,2024-07-01,3563.0609374554992,3673.7441669321506,110.68322947665138,110.68322947665138
main_extended,0.9,ExtraTrees,test,2024-08-01,3725.673425210064,3502.900393164268,-222.7730320457963,222.7730320457963
main_extended,0.9,ExtraTrees,test,2024-09-01,3291.129951032427,3214.671029853215,-76.45892117921221,76.45892117921221
main_extended,0.9,ExtraTrees,test,2024-10-01,3195.178357324487,3154.0124756209257,-41.165881703561354,41.165881703561354
main_extended,0.9,ExtraTrees,test,2024-11-01,2262.2030284486414,2758.9180583147036,496.7150298660622,496.7150298660622
main_extended,0.9,ExtraTrees,test,2024-12-01,2514.695343535093,2747.462296583929,232.76695304883606,232.76695304883606
main_extended,0.9,ExtraTrees,validation,2023-01-01,3156.6309540305083,2805.959741504485,-350.6712125260233,350.6712125260233
main_extended,0.9,ExtraTrees,validation,2023-02-01,3091.809662106697,2978.756426956364,-113.05323515033297,113.05323515033297
main_extended,0.9,ExtraTrees,validation,2023-03-01,3566.763681371131,3065.161827128062,-501.60185424306883,501.60185424306883
main_extended,0.9,ExtraTrees,validation,2023-04-01,3586.5570921979906,3401.3083756472165,-185.24871655077413,185.24871655077413
main_extended,0.9,ExtraTrees,validation,2023-05-01,3531.7442312060552,3261.6742858349335,-270.0699453711218,270.0699453711218
main_extended,0.9,ExtraTrees,validation,2023-06-01,3078.8736846353195,3087.646679049913,8.77299441459354,8.77299441459354
main_extended,0.9,ExtraTrees,validation,2023-07-01,3401.502805080048,2941.5879673287573,-459.91483775129063,459.91483775129063
main_extended,0.9,ExtraTrees,validation,2023-08-01,3285.298088370389,2918.9288870497076,-366.36920132068144,366.36920132068144
main_extended,0.9,ExtraTrees,validation,2023-09-01,3165.6950946229263,2732.7232257282117,-432.9718688947146,432.9718688947146
main_extended,0.9,ExtraTrees,validation,2023-10-01,3106.0797227489625,2506.5863726700914,-599.4933500788711,599.4933500788711
main_extended,0.9,ExtraTrees,validation,2023-11-01,2552.899381848526,2275.5421610199487,-277.3572208285773,277.3572208285773
main_extended,0.9,ExtraTrees,validation,2023-12-01,2705.0564354111907,2204.8546927396287,-500.201742671562,500.201742671562
main_extended,0.9,Ridge,test,2024-01-01,3024.7131851001054,3140.188270962407,115.47508586230151,115.47508586230151
main_extended,0.9,Ridge,test,2024-02-01,2845.398592577748,3191.766655276852,346.36806269910403,346.36806269910403
main_extended,0.9,Ridge,test,2024-03-01,2862.8323412659324,3636.0092933769197,773.1769521109873,773.1769521109873
main_extended,0.9,Ridge,test,2024-04-01,3335.702738573963,3446.043284484131,110.3405459101682,110.3405459101682
main_extended,0.9,Ridge,test,2024-05-01,3156.0143376319156,3262.689869839402,106.67553220748641,106.67553220748641
main_extended,0.9,Ridge,test,2024-06-01,3385.3747916298125,3483.4848763413984,98.11008471158584,98.11008471158584
main_extended,0.9,Ridge,test,2024-07-01,3563.0609374554992,3782.7298751356116,219.66893768011232,219.66893768011232
main_extended,0.9,Ridge,test,2024-08-01,3725.673425210064,3838.8907202204227,113.21729501035861,113.21729501035861
main_extended,0.9,Ridge,test,2024-09-01,3291.129951032427,3367.4043147236484,76.27436369122142,76.27436369122142
main_extended,0.9,Ridge,test,2024-10-01,3195.178357324487,3370.0843264302084,174.9059691057214,174.9059691057214
main_extended,0.9,Ridge,test,2024-11-01,2262.2030284486414,2943.1256314142274,680.9226029655861,680.9226029655861
main_extended,0.9,Ridge,test,2024-12-01,2514.695343535093,2912.8613453539665,398.1660018188736,398.1660018188736
main_extended,0.9,Ridge,validation,2023-01-01,3156.6309540305083,2816.1012904083154,-340.52966362219286,340.52966362219286
main_extended,0.9,Ridge,validation,2023-02-01,3091.809662106697,3189.3026958763876,97.49303376969056,97.49303376969056
main_extended,0.9,Ridge,validation,2023-03-01,3566.763681371131,3808.2012444372554,241.4375630661243,241.4375630661243
main_extended,0.9,Ridge,validation,2023-04-01,3586.5570921979906,4142.347863342077,555.7907711440866,555.7907711440866
main_extended,0.9,Ridge,validation,2023-05-01,3531.7442312060552,4032.819401216324,501.0751700102687,501.0751700102687
main_extended,0.9,Ridge,validation,2023-06-01,3078.8736846353195,3568.224594613644,489.3509099783246,489.3509099783246
main_extended,0.9,Ridge,validation,2023-07-01,3401.502805080048,3781.8140770863483,380.31127200630044,380.31127200630044
main_extended,0.9,Ridge,validation,2023-08-01,3285.298088370389,3637.4413067169307,352.14321834654174,352.14321834654174
main_extended,0.9,Ridge,validation,2023-09-01,3165.6950946229263,3069.868795251095,-95.82629937183128,95.82629937183128
main_extended,0.9,Ridge,validation,2023-10-01,3106.0797227489625,2859.211635801679,-246.86808694728325,246.86808694728325
main_extended,0.9,Ridge,validation,2023-11-01,2552.899381848526,2571.955957822505,19.056575973978852,19.056575973978852
main_extended,0.9,Ridge,validation,2023-12-01,2705.0564354111907,2334.2186677066215,-370.83776770456916,370.83776770456916
main_extended,0.9,XGBoost,test,2024-01-01,3024.7131851001054,3567.473436737846,542.7602516377406,542.7602516377406
main_extended,0.9,XGBoost,test,2024-02-01,2845.398592577748,3552.7592584651334,707.3606658873855,707.3606658873855
main_extended,0.9,XGBoost,test,2024-03-01,2862.8323412659324,3300.2049117195693,437.37257045363685,437.37257045363685
main_extended,0.9,XGBoost,test,2024-04-01,3335.702738573963,3272.637009392982,-63.06572918098118,63.06572918098118
main_extended,0.9,XGBoost,test,2024-05-01,3156.0143376319156,3413.7262176685745,257.71188003665884,257.71188003665884
main_extended,0.9,XGBoost,test,2024-06-01,3385.3747916298125,3521.2405577848517,135.86576615503918,135.86576615503918
main_extended,0.9,XGBoost,test,2024-07-01,3563.0609374554992,3850.4525511092606,287.3916136537614,287.3916136537614
main_extended,0.9,XGBoost,test,2024-08-01,3725.673425210064,3732.011954857574,6.3385296475098585,6.3385296475098585
main_extended,0.9,XGBoost,test,2024-09-01,3291.129951032427,3278.604444873663,-12.525506158764074,12.525506158764074
main_extended,0.9,XGBoost,test,2024-10-01,3195.178357324487,3506.570615978039,311.39225865355183,311.39225865355183
main_extended,0.9,XGBoost,test,2024-11-01,2262.2030284486414,3243.6430116424835,981.4399831938422,981.4399831938422
main_extended,0.9,XGBoost,test,2024-12-01,2514.695343535093,3240.239261966273,725.5439184311799,725.5439184311799
main_extended,0.9,XGBoost,validation,2023-01-01,3156.6309540305083,2880.7993839327205,-275.8315700977878,275.8315700977878
main_extended,0.9,XGBoost,validation,2023-02-01,3091.809662106697,2953.6503033787058,-138.15935872799128,138.15935872799128
main_extended,0.9,XGBoost,validation,2023-03-01,3566.763681371131,3338.238506311717,-228.52517505941387,228.52517505941387
main_extended,0.9,XGBoost,validation,2023-04-01,3586.5570921979906,3552.376200202475,-34.180891995515594,34.180891995515594
main_extended,0.9,XGBoost,validation,2023-05-01,3531.7442312060552,3527.6450148555155,-4.099216350539791,4.099216350539791
main_extended,0.9,XGBoost,validation,2023-06-01,3078.8736846353195,3379.162941710521,300.2892570752015,300.2892570752015
main_extended,0.9,XGBoost,validation,2023-07-01,3401.502805080048,3232.229361248984,-169.27344383106401,169.27344383106401
main_extended,0.9,XGBoost,validation,2023-08-01,3285.298088370389,3093.922944434431,-191.37514393595802,191.37514393595802
main_extended,0.9,XGBoost,validation,2023-09-01,3165.6950946229263,2867.4277924257462,-298.26730219718,298.26730219718
main_extended,0.9,XGBoost,validation,2023-10-01,3106.0797227489625,2462.173595130853,-643.9061276181096,643.9061276181096
main_extended,0.9,XGBoost,validation,2023-11-01,2552.899381848526,2475.4166564829675,-77.48272536555851,77.48272536555851
main_extended,0.9,XGBoost,validation,2023-12-01,2705.0564354111907,2173.743418150521,-531.3130172606698,531.3130172606698
autoreg_robustness,0.7,Baseline_AssetMonthSeasonal,test,2024-01-01,2905.603396162826,3502.367173091242,596.7637769284161,596.7637769284161
autoreg_robustness,0.7,Baseline_AssetMonthSeasonal,test,2024-02-01,2675.615670243126,3016.701953822133,341.08628357900716,341.08628357900716
autoreg_robustness,0.7,Baseline_AssetMonthSeasonal,test,2024-03-01,2751.51547248978,3374.6628657878905,623.1473932981103,623.1473932981103
autoreg_robustness,0.7,Baseline_AssetMonthSeasonal,test,2024-04-01,3121.186594608051,2813.045931259357,-308.14066334869403,308.14066334869403
autoreg_robustness,0.7,Baseline_AssetMonthSeasonal,test,2024-05-01,3154.449616272154,3248.146048551342,93.69643227918823,93.69643227918823
autoreg_robustness,0.7,Baseline_AssetMonthSeasonal,test,2024-06-01,3363.6135513955096,2934.378525034484,-429.2350263610256,429.2350263610256
autoreg_robustness,0.7,Baseline_AssetMonthSeasonal,test,2024-07-01,3546.0632104373576,3581.0096399450035,34.94642950764592,34.94642950764592
autoreg_robustness,0.7,Baseline_AssetMonthSeasonal,test,2024-08-01,3589.641944146939,3205.4189365094053,-384.22300763753356,384.22300763753356
autoreg_robustness,0.7,Baseline_AssetMonthSeasonal,test,2024-09-01,3360.821764552597,3316.9953146548514,-43.82644989774553,43.82644989774553
autoreg_robustness,0.7,Baseline_AssetMonthSeasonal,test,2024-10-01,3314.175920748757,3759.5155573348197,445.3396365860626,445.3396365860626
autoreg_robustness,0.7,Baseline_AssetMonthSeasonal,test,2024-11-01,2423.1379563865617,3290.2140679268846,867.0761115403229,867.0761115403229
autoreg_robustness,0.7,Baseline_AssetMonthSeasonal,test,2024-12-01,2626.208302587889,3575.827790177088,949.6194875891988,949.6194875891988
autoreg_robustness,0.7,Baseline_AssetMonthSeasonal,validation,2023-01-01,3156.6309540305083,3153.861828412328,-2.769125618180169,2.769125618180169
autoreg_robustness,0.7,Baseline_AssetMonthSeasonal,validation,2023-02-01,3102.407425355784,3220.8916397049225,118.48421434913826,118.48421434913826
autoreg_robustness,0.7,Baseline_AssetMonthSeasonal,validation,2023-03-01,3511.773919994967,3548.6832124073867,36.909292412419745,36.909292412419745
autoreg_robustness,0.7,Baseline_AssetMonthSeasonal,validation,2023-04-01,3455.7073181045757,3590.9515032756735,135.2441851710978,135.2441851710978
autoreg_robustness,0.7,Baseline_AssetMonthSeasonal,validation,2023-05-01,3313.024758461883,3533.53910260789,220.51434414600726,220.51434414600726
autoreg_robustness,0.7,Baseline_AssetMonthSeasonal,validation,2023-06-01,2950.394550774985,3363.584409858158,413.1898590831729,413.1898590831729
autoreg_robustness,0.7,Baseline_AssetMonthSeasonal,validation,2023-07-01,3165.586598177,3104.1134763262294,-61.47312185077044,61.47312185077044
autoreg_robustness,0.7,Baseline_AssetMonthSeasonal,validation,2023-08-01,3158.9031501454065,3149.2999758408628,-9.6031743045437,9.6031743045437
autoreg_robustness,0.7,Baseline_AssetMonthSeasonal,validation,2023-09-01,3066.3146971439205,2718.5030393577185,-347.811657786202,347.811657786202
autoreg_robustness,0.7,Baseline_AssetMonthSeasonal,validation,2023-10-01,3036.963653864687,2773.527582376585,-263.4360714881018,263.4360714881018
autoreg_robustness,0.7,Baseline_AssetMonthSeasonal,validation,2023-11-01,2524.6399308431915,2026.109224278417,-498.5307065647744,498.5307065647744
autoreg_robustness,0.7,Baseline_AssetMonthSeasonal,validation,2023-12-01,2543.4139983704795,1927.8472336400018,-615.5667647304776,615.5667647304776
autoreg_robustness,0.7,ElasticNet,test,2024-01-01,2905.603396162826,3162.514216589632,256.9108204268059,256.9108204268059
autoreg_robustness,0.7,ElasticNet,test,2024-02-01,2675.615670243126,2775.830979500068,100.21530925694242,100.21530925694242
autoreg_robustness,0.7,ElasticNet,test,2024-03-01,2751.51547248978,2796.943131837051,45.42765934727095,45.42765934727095
autoreg_robustness,0.7,ElasticNet,test,2024-04-01,3121.186594608051,2807.2828488314885,-313.9037457765626,313.9037457765626
autoreg_robustness,0.7,ElasticNet,test,2024-05-01,3154.449616272154,3357.6965986746777,203.24698240252383,203.24698240252383
autoreg_robustness,0.7,ElasticNet,test,2024-06-01,3363.6135513955096,3311.98549808162,-51.62805331388972,51.62805331388972
autoreg_robustness,0.7,ElasticNet,test,2024-07-01,3546.0632104373576,3671.495454411744,125.43224397438644,125.43224397438644
autoreg_robustness,0.7,ElasticNet,test,2024-08-01,3589.641944146939,3417.4703992733644,-172.17154487357448,172.17154487357448
autoreg_robustness,0.7,ElasticNet,test,2024-09-01,3360.821764552597,3295.690995688339,-65.13076886425779,65.13076886425779
autoreg_robustness,0.7,ElasticNet,test,2024-10-01,3314.175920748757,3279.375563827224,-34.800356921532966,34.800356921532966
autoreg_robustness,0.7,ElasticNet,test,2024-11-01,2423.1379563865617,3123.9365309873283,700.7985746007666,700.7985746007666
autoreg_robustness,0.7,ElasticNet,test,2024-12-01,2626.208302587889,2880.087651070663,253.87934848277382,253.87934848277382
autoreg_robustness,0.7,ElasticNet,validation,2023-01-01,3156.6309540305083,2759.7844388145418,-396.8465152159665,396.8465152159665
autoreg_robustness,0.7,ElasticNet,validation,2023-02-01,3102.407425355784,3134.3012358380615,31.89381048227733,31.89381048227733
autoreg_robustness,0.7,ElasticNet,validation,2023-03-01,3511.773919994967,3361.261257855239,-150.51266213972804,150.51266213972804
autoreg_robustness,0.7,ElasticNet,validation,2023-04-01,3455.7073181045757,3762.7701448093258,307.06282670475,307.06282670475
autoreg_robustness,0.7,ElasticNet,validation,2023-05-01,3313.024758461883,3695.794536208548,382.7697777466651,382.7697777466651
autoreg_robustness,0.7,ElasticNet,validation,2023-06-01,2950.394550774985,3621.766752749144,671.372201974159,671.372201974159
autoreg_robustness,0.7,ElasticNet,validation,2023-07-01,3165.586598177,3370.3884104572553,204.8018122802555,204.8018122802555
autoreg_robustness,0.7,ElasticNet,validation,2023-08-01,3158.9031501454065,3320.00253651334,161.09938636793368,161.09938636793368
autoreg_robustness,0.7,ElasticNet,validation,2023-09-01,3066.3146971439205,2879.115151621536,-187.1995455223846,187.1995455223846
autoreg_robustness,0.7,ElasticNet,validation,2023-10-01,3036.963653864687,2494.7516725508403,-542.2119813138465,542.2119813138465
autoreg_robustness,0.7,ElasticNet,validation,2023-11-01,2524.6399308431915,2327.844884107618,-196.79504673557358,196.79504673557358
autoreg_robustness,0.7,ElasticNet,validation,2023-12-01,2543.4139983704795,2018.5884029595734,-524.8255954109061,524.8255954109061
autoreg_robustness,0.7,Ensemble_AvgTop3,test,2024-01-01,2905.603396162826,3379.1718119673424,473.56841580451646,473.56841580451646
autoreg_robustness,0.7,Ensemble_AvgTop3,test,2024-02-01,2675.615670243126,2956.380319638315,280.7646493951893,280.7646493951893
autoreg_robustness,0.7,Ensemble_AvgTop3,test,2024-03-01,2751.51547248978,2952.7632363886764,201.2477638988962,201.2477638988962
autoreg_robustness,0.7,Ensemble_AvgTop3,test,2024-04-01,3121.186594608051,2899.5061724644347,-221.6804221436164,221.6804221436164
autoreg_robustness,0.7,Ensemble_AvgTop3,test,2024-05-01,3154.449616272154,3384.1469634571513,229.6973471849974,229.6973471849974
autoreg_robustness,0.7,Ensemble_AvgTop3,test,2024-06-01,3363.6135513955096,3445.1384663544427,81.5249149589331,81.5249149589331
autoreg_robustness,0.7,Ensemble_AvgTop3,test,2024-07-01,3546.0632104373576,3714.8839607293703,168.8207502920127,168.8207502920127
autoreg_robustness,0.7,Ensemble_AvgTop3,test,2024-08-01,3589.641944146939,3530.597511560999,-59.04443258593983,59.04443258593983
autoreg_robustness,0.7,Ensemble_AvgTop3,test,2024-09-01,3360.821764552597,3306.628321667766,-54.1934428848308,54.1934428848308
autoreg_robustness,0.7,Ensemble_AvgTop3,test,2024-10-01,3314.175920748757,3350.699169961172,36.52324921241507,36.52324921241507
autoreg_robustness,0.7,Ensemble_AvgTop3,test,2024-11-01,2423.1379563865617,3049.052026340214,625.9140699536524,625.9140699536524
autoreg_robustness,0.7,Ensemble_AvgTop3,test,2024-12-01,2626.208302587889,2849.6408807954876,223.43257820759845,223.43257820759845
autoreg_robustness,0.7,Ensemble_AvgTop3,validation,2023-01-01,3156.6309540305083,2798.20071895796,-358.4302350725484,358.4302350725484
autoreg_robustness,0.7,Ensemble_AvgTop3,validation,2023-02-01,3102.407425355784,2994.1455147260876,-108.26191062969656,108.26191062969656
autoreg_robustness,0.7,Ensemble_AvgTop3,validation,2023-03-01,3511.773919994967,3306.646281163322,-205.12763883164507,205.12763883164507
autoreg_robustness,0.7,Ensemble_AvgTop3,validation,2023-04-01,3455.7073181045757,3541.332525346387,85.62520724181104,85.62520724181104
autoreg_robustness,0.7,Ensemble_AvgTop3,validation,2023-05-01,3313.024758461883,3445.0451776554696,132.0204191935868,132.0204191935868
autoreg_robustness,0.7,Ensemble_AvgTop3,validation,2023-06-01,2950.394550774985,3431.7010069006647,481.3064561256797,481.3064561256797
autoreg_robustness,0.7,Ensemble_AvgTop3,validation,2023-07-01,3165.586598177,3135.9555983588616,-29.630999818138207,29.630999818138207
autoreg_robustness,0.7,Ensemble_AvgTop3,validation,2023-08-01,3158.9031501454065,3139.0374904023925,-19.86565974301402,19.86565974301402
autoreg_robustness,0.7,Ensemble_AvgTop3,validation,2023-09-01,3066.3146971439205,2855.4993297010187,-210.8153674429018,210.8153674429018
autoreg_robustness,0.7,Ensemble_AvgTop3,validation,2023-10-01,3036.963653864687,2526.8097588343853,-510.15389503030156,510.15389503030156
autoreg_robustness,0.7,Ensemble_AvgTop3,validation,2023-11-01,2524.6399308431915,2452.1977710296965,-72.44215981349498,72.44215981349498
autoreg_robustness,0.7,Ensemble_AvgTop3,validation,2023-12-01,2543.4139983704795,2053.071437280923,-490.3425610895565,490.3425610895565
autoreg_robustness,0.7,HistGradientBoosting,test,2024-01-01,2905.603396162826,3504.6207081633956,599.0173120005697,599.0173120005697
autoreg_robustness,0.7,HistGradientBoosting,test,2024-02-01,2675.615670243126,2912.5853522570583,236.96968201393247,236.96968201393247
autoreg_robustness,0.7,HistGradientBoosting,test,2024-03-01,2751.51547248978,3004.114348183281,252.59887569350076,252.59887569350076
autoreg_robustness,0.7,HistGradientBoosting,test,2024-04-01,3121.186594608051,2911.967016058832,-209.21957854921902,209.21957854921902
autoreg_robustness,0.7,HistGradientBoosting,test,2024-05-01,3154.449616272154,3370.649171747767,216.19955547561312,216.19955547561312
autoreg_robustness,0.7,HistGradientBoosting,test,2024-06-01,3363.6135513955096,3500.5593354642033,136.94578406869368,136.94578406869368
autoreg_robustness,0.7,HistGradientBoosting,test,2024-07-01,3546.0632104373576,3741.287639182336,195.22442874497847,195.22442874497847
autoreg_robustness,0.7,HistGradientBoosting,test,2024-08-01,3589.641944146939,3609.0260029214164,19.38405877447758,19.38405877447758
autoreg_robustness,0.7,HistGradientBoosting,test,2024-09-01,3360.821764552597,3234.7572241493713,-126.06454040322569,126.06454040322569
autoreg_robustness,0.7,HistGradientBoosting,test,2024-10-01,3314.175920748757,3311.396565695836,-2.7793550529208915,2.7793550529208915
autoreg_robustness,0.7,HistGradientBoosting,test,2024-11-01,2423.1379563865617,2833.863406364955,410.7254499783935,410.7254499783935
autoreg_robustness,0.7,HistGradientBoosting,test,2024-12-01,2626.208302587889,2678.2326682138346,52.02436562594539,52.02436562594539
autoreg_robustness,0.7,HistGradientBoosting,validation,2023-01-01,3156.6309540305083,2853.7866264651343,-302.844327565374,302.844327565374
autoreg_robustness,0.7,HistGradientBoosting,validation,2023-02-01,3102.407425355784,2941.6784990746182,-160.72892628116597,160.72892628116597
autoreg_robustness,0.7,HistGradientBoosting,validation,2023-03-01,3511.773919994967,3347.168614998253,-164.60530499671404,164.60530499671404
autoreg_robustness,0.7,HistGradientBoosting,validation,2023-04-01,3455.7073181045757,3462.7987719783864,7.0914538738106785,7.0914538738106785
autoreg_robustness,0.7,HistGradientBoosting,validation,2023-05-01,3313.024758461883,3354.671281193941,41.6465227320582,41.6465227320582
autoreg_robustness,0.7,HistGradientBoosting,validation,2023-06-01,2950.394550774985,3402.097069117274,451.70251834228884,451.70251834228884
autoreg_robustness,0.7,HistGradientBoosting,validation,2023-07-01,3165.586598177,3074.120309227523,-91.46628894947662,91.46628894947662
autoreg_robustness,0.7,HistGradientBoosting,validation,2023-08-01,3158.9031501454065,3124.6330797160563,-34.2700704293502,34.2700704293502
autoreg_robustness,0.7,HistGradientBoosting,validation,2023-09-01,3066.3146971439205,2902.2550193182906,-164.05967782562993,164.05967782562993
autoreg_robustness,0.7,HistGradientBoosting,validation,2023-10-01,3036.963653864687,2562.234795548636,-474.7288583160507,474.7288583160507
autoreg_robustness,0.7,HistGradientBoosting,validation,2023-11-01,2524.6399308431915,2534.0096761047644,9.369745261572916,9.369745261572916
autoreg_robustness,0.7,HistGradientBoosting,validation,2023-12-01,2543.4139983704795,2057.7731033385976,-485.6408950318819,485.6408950318819
autoreg_robustness,0.7,XGBoost,test,2024-01-01,2905.603396162826,3470.3805111490005,564.7771149861746,564.7771149861746
autoreg_robustness,0.7,XGBoost,test,2024-02-01,2675.615670243126,3180.7246271578188,505.10895691469295,505.10895691469295
autoreg_robustness,0.7,XGBoost,test,2024-03-01,2751.51547248978,3057.232229145697,305.7167566559169,305.7167566559169
autoreg_robustness,0.7,XGBoost,test,2024-04-01,3121.186594608051,2979.2686525029835,-141.9179421050676,141.9179421050676
autoreg_robustness,0.7,XGBoost,test,2024-05-01,3154.449616272154,3424.0951199490096,269.6455036768557,269.6455036768557
autoreg_robustness,0.7,XGBoost,test,2024-06-01,3363.6135513955096,3522.8705655175036,159.25701412199396,159.25701412199396
autoreg_robustness,0.7,XGBoost,test,2024-07-01,3546.0632104373576,3731.8687885940294,185.8055781566718,185.8055781566718
autoreg_robustness,0.7,XGBoost,test,2024-08-01,3589.641944146939,3565.2961324882167,-24.34581165872214,24.34581165872214
autoreg_robustness,0.7,XGBoost,test,2024-09-01,3360.821764552597,3389.436745165588,28.614980612991076,28.614980612991076
autoreg_robustness,0.7,XGBoost,test,2024-10-01,3314.175920748757,3461.325380360457,147.14945961169997,147.14945961169997
autoreg_robustness,0.7,XGBoost,test,2024-11-01,2423.1379563865617,3189.3561416683588,766.2181852817971,766.2181852817971
autoreg_robustness,0.7,XGBoost,test,2024-12-01,2626.208302587889,2990.6023231019662,364.39402051407706,364.39402051407706
autoreg_robustness,0.7,XGBoost,validation,2023-01-01,3156.6309540305083,2781.031091594203,-375.5998624363051,375.5998624363051
autoreg_robustness,0.7,XGBoost,validation,2023-02-01,3102.407425355784,2906.456809265583,-195.95061609020104,195.95061609020104
autoreg_robustness,0.7,XGBoost,validation,2023-03-01,3511.773919994967,3211.5089706364743,-300.2649493584927,300.2649493584927
autoreg_robustness,0.7,XGBoost,validation,2023-04-01,3455.7073181045757,3398.4286592514463,-57.2786588531294,57.2786588531294
autoreg_robustness,0.7,XGBoost,validation,2023-05-01,3313.024758461883,3284.669715563919,-28.355042897963813,28.355042897963813
autoreg_robustness,0.7,XGBoost,validation,2023-06-01,2950.394550774985,3271.2391988355753,320.8446480605903,320.8446480605903
autoreg_robustness,0.7,XGBoost,validation,2023-07-01,3165.586598177,2963.358075391805,-202.22852278519485,202.22852278519485
autoreg_robustness,0.7,XGBoost,validation,2023-08-01,3158.9031501454065,2972.4768549777805,-186.426295167626,186.426295167626
autoreg_robustness,0.7,XGBoost,validation,2023-09-01,3066.3146971439205,2785.12781816323,-281.1868789806904,281.1868789806904
autoreg_robustness,0.7,XGBoost,validation,2023-10-01,3036.963653864687,2523.4428084036795,-513.5208454610074,513.5208454610074
autoreg_robustness,0.7,XGBoost,validation,2023-11-01,2524.6399308431915,2494.7387528767076,-29.90117796648383,29.90117796648383
autoreg_robustness,0.7,XGBoost,validation,2023-12-01,2543.4139983704795,2082.8528055445972,-460.56119282588224,460.56119282588224
autoreg_robustness,0.8,Baseline_AssetMonthSeasonal,test,2024-01-01,2965.1582906314657,3574.153676252456,608.9953856209904,608.9953856209904
autoreg_robustness,0.8,Baseline_AssetMonthSeasonal,test,2024-02-01,2760.507131410437,3112.415340320192,351.9082089097551,351.9082089097551
autoreg_robustness,0.8,Baseline_AssetMonthSeasonal,test,2024-03-01,2807.1739068778566,3442.9265021640185,635.752595286162,635.752595286162
autoreg_robustness,0.8,Baseline_AssetMonthSeasonal,test,2024-04-01,3228.4446665910073,2909.7148979618323,-318.72976862917494,318.72976862917494
autoreg_robustness,0.8,Baseline_AssetMonthSeasonal,test,2024-05-01,3155.231976952035,3248.9516476446956,93.71967069266066,93.71967069266066
autoreg_robustness,0.8,Baseline_AssetMonthSeasonal,test,2024-06-01,3374.494171512661,2943.870655305389,-430.62351620727213,430.62351620727213
autoreg_robustness,0.8,Baseline_AssetMonthSeasonal,test,2024-07-01,3554.5620739464284,3589.5922596977985,35.03018575137003,35.03018575137003
autoreg_robustness,0.8,Baseline_AssetMonthSeasonal,test,2024-08-01,3657.6576846785015,3266.1545045891326,-391.5031800893689,391.5031800893689
autoreg_robustness,0.8,Baseline_AssetMonthSeasonal,test,2024-09-01,3325.975857792512,3282.6038123511016,-43.37204544141059,43.37204544141059
autoreg_robustness,0.8,Baseline_AssetMonthSeasonal,test,2024-10-01,3254.677139036622,3692.021676249985,437.34453721336286,437.34453721336286
autoreg_robustness,0.8,Baseline_AssetMonthSeasonal,test,2024-11-01,2342.6704924176015,3180.952776689517,838.2822842719156,838.2822842719156
autoreg_robustness,0.8,Baseline_AssetMonthSeasonal,test,2024-12-01,2570.4518230614913,3499.910137804857,929.4583147433659,929.4583147433659
autoreg_robustness,0.8,Baseline_AssetMonthSeasonal,validation,2023-01-01,3156.6309540305083,3153.861828412328,-2.769125618180169,2.769125618180169
autoreg_robustness,0.8,Baseline_AssetMonthSeasonal,validation,2023-02-01,3097.1085437312404,3215.390388197854,118.28184446661362,118.28184446661362
autoreg_robustness,0.8,Baseline_AssetMonthSeasonal,validation,2023-03-01,3539.268800683049,3576.4670685859987,37.19826790294974,37.19826790294974
autoreg_robustness,0.8,Baseline_AssetMonthSeasonal,validation,2023-04-01,3521.1322051512834,3658.9368894399386,137.80468428865515,137.80468428865515
autoreg_robustness,0.8,Baseline_AssetMonthSeasonal,validation,2023-05-01,3422.3844948339693,3650.1778037629824,227.79330892901316,227.79330892901316
autoreg_robustness,0.8,Baseline_AssetMonthSeasonal,validation,2023-06-01,3014.634117705152,3436.8204473113833,422.1863296062311,422.1863296062311
autoreg_robustness,0.8,Baseline_AssetMonthSeasonal,validation,2023-07-01,3283.544701628524,3219.780929169447,-63.76377245907679,63.76377245907679
autoreg_robustness,0.8,Baseline_AssetMonthSeasonal,validation,2023-08-01,3222.1006192578975,3212.3053224720225,-9.795296785875053,9.795296785875053
autoreg_robustness,0.8,Baseline_AssetMonthSeasonal,validation,2023-09-01,3116.0048958834236,2762.556885633004,-353.44801025041943,353.44801025041943
autoreg_robustness,0.8,Baseline_AssetMonthSeasonal,validation,2023-10-01,3071.5216883068247,2805.08794089323,-266.4337474135946,266.4337474135946
autoreg_robustness,0.8,Baseline_AssetMonthSeasonal,validation,2023-11-01,2538.7696563458585,2037.4488085207981,-501.32084782506035,501.32084782506035
autoreg_robustness,0.8,Baseline_AssetMonthSeasonal,validation,2023-12-01,2624.235216890835,1989.1077923393357,-635.1274245514994,635.1274245514994
autoreg_robustness,0.8,ElasticNet,test,2024-01-01,2965.1582906314657,3227.334900883055,262.1766102515894,262.1766102515894
autoreg_robustness,0.8,ElasticNet,test,2024-02-01,2760.507131410437,2863.9020542900575,103.39492287962048,103.39492287962048
autoreg_robustness,0.8,ElasticNet,test,2024-03-01,2807.1739068778566,2853.520489786512,46.346582908655364,46.346582908655364
autoreg_robustness,0.8,ElasticNet,test,2024-04-01,3228.4446665910073,2903.753769985851,-324.69089660515647,324.69089660515647
autoreg_robustness,0.8,ElasticNet,test,2024-05-01,3155.231976952035,3358.529368290088,203.29739133805288,203.29739133805288
autoreg_robustness,0.8,ElasticNet,test,2024-06-01,3374.494171512661,3322.699111725848,-51.795059786813,51.795059786813
autoreg_robustness,0.8,ElasticNet,test,2024-07-01,3554.5620739464284,3680.2949418685316,125.7328679221032,125.7328679221032
autoreg_robustness,0.8,ElasticNet,test,2024-08-01,3657.6576846785015,3482.223871504844,-175.43381317365765,175.43381317365765
autoreg_robustness,0.8,ElasticNet,test,2024-09-01,3325.975857792512,3261.520382311258,-64.45547548125433,64.45547548125433
autoreg_robustness,0.8,ElasticNet,test,2024-10-01,3254.677139036622,3220.5015464273924,-34.175592609229625,34.175592609229625
autoreg_robustness,0.8,ElasticNet,test,2024-11-01,2342.6704924176015,3020.196977246279,677.5264848286774,677.5264848286774
autoreg_robustness,0.8,ElasticNet,test,2024-12-01,2570.4518230614913,2818.9411121640146,248.48928910252334,248.48928910252334
autoreg_robustness,0.8,ElasticNet,validation,2023-01-01,3156.6309540305083,2759.7844388145418,-396.8465152159665,396.8465152159665
autoreg_robustness,0.8,ElasticNet,validation,2023-02-01,3097.1085437312404,3128.9478798962764,31.839336165036002,31.839336165036002
autoreg_robustness,0.8,ElasticNet,validation,2023-03-01,3539.268800683049,3387.577723365733,-151.69107731731583,151.69107731731583
autoreg_robustness,0.8,ElasticNet,validation,2023-04-01,3521.1322051512834,3834.008472898378,312.8762677470945,312.8762677470945
autoreg_robustness,0.8,ElasticNet,validation,2023-05-01,3422.3844948339693,3817.789131972694,395.40463713872487,395.40463713872487
autoreg_robustness,0.8,ElasticNet,validation,2023-06-01,3014.634117705152,3700.6242491668927,685.9901314617405,685.9901314617405
autoreg_robustness,0.8,ElasticNet,validation,2023-07-01,3283.544701628524,3495.977969441832,212.43326781330825,212.43326781330825
autoreg_robustness,0.8,ElasticNet,validation,2023-08-01,3222.1006192578975,3386.4229830360637,164.32236377816616,164.32236377816616
autoreg_robustness,0.8,ElasticNet,validation,2023-09-01,3116.0048958834236,2925.771746983794,-190.23314889962967,190.23314889962967
autoreg_robustness,0.8,ElasticNet,validation,2023-10-01,3071.5216883068247,2523.139800974729,-548.3818873320956,548.3818873320956
autoreg_robustness,0.8,ElasticNet,validation,2023-11-01,2538.7696563458585,2340.8732010661647,-197.89645527969378,197.89645527969378
autoreg_robustness,0.8,ElasticNet,validation,2023-12-01,2624.235216890835,2082.732413538573,-541.5028033522622,541.5028033522622
autoreg_robustness,0.8,Ensemble_AvgTop3,test,2024-01-01,2965.1582906314657,3448.4332331643595,483.2749425328939,483.2749425328939
autoreg_robustness,0.8,Ensemble_AvgTop3,test,2024-02-01,2760.507131410437,3050.179831986654,289.6727005762168,289.6727005762168
autoreg_robustness,0.8,Ensemble_AvgTop3,test,2024-03-01,2807.1739068778566,3012.4925675515315,205.3186606736749,205.3186606736749
autoreg_robustness,0.8,Ensemble_AvgTop3,test,2024-04-01,3228.4446665910073,2999.1463036563573,-229.29836293464996,229.29836293464996
autoreg_robustness,0.8,Ensemble_AvgTop3,test,2024-05-01,3155.231976952035,3384.9862932424453,229.75431629041032,229.75431629041032
autoreg_robustness,0.8,Ensemble_AvgTop3,test,2024-06-01,3374.494171512661,3456.282803339242,81.78863182658097,81.78863182658097
autoreg_robustness,0.8,Ensemble_AvgTop3,test,2024-07-01,3554.5620739464284,3723.7874375882557,169.22536364182724,169.22536364182724
autoreg_robustness,0.8,Ensemble_AvgTop3,test,2024-08-01,3657.6576846785015,3597.4944912609567,-60.16319341754479,60.16319341754479
autoreg_robustness,0.8,Ensemble_AvgTop3,test,2024-09-01,3325.975857792512,3272.3443071441843,-53.6315506483279,53.6315506483279
autoreg_robustness,0.8,Ensemble_AvgTop3,test,2024-10-01,3254.677139036622,3290.544693173015,35.867554136392755,35.867554136392755
autoreg_robustness,0.8,Ensemble_AvgTop3,test,2024-11-01,2342.6704924176015,2947.799234099327,605.1287416817254,605.1287416817254
autoreg_robustness,0.8,Ensemble_AvgTop3,test,2024-12-01,2570.4518230614913,2789.1407509043843,218.688927842893,218.688927842893
autoreg_robustness,0.8,Ensemble_AvgTop3,validation,2023-01-01,3156.6309540305083,2798.20071895796,-358.4302350725484,358.4302350725484
autoreg_robustness,0.8,Ensemble_AvgTop3,validation,2023-02-01,3097.1085437312404,2989.0315433890146,-108.0770003422258,108.0770003422258
autoreg_robustness,0.8,Ensemble_AvgTop3,validation,2023-03-01,3539.268800683049,3332.535147317441,-206.733653365608,206.733653365608
autoreg_robustness,0.8,Ensemble_AvgTop3,validation,2023-04-01,3521.1322051512834,3608.378504400162,87.24629924887859,87.24629924887859
autoreg_robustness,0.8,Ensemble_AvgTop3,validation,2023-05-01,3422.3844948339693,3558.7627801140884,136.37828528011914,136.37828528011914
autoreg_robustness,0.8,Ensemble_AvgTop3,validation,2023-06-01,3014.634117705152,3506.4201614826206,491.7860437774684,491.7860437774684
autoreg_robustness,0.8,Ensemble_AvgTop3,validation,2023-07-01,3283.544701628524,3252.8095726281567,-30.735129000367124,30.735129000367124
autoreg_robustness,0.8,Ensemble_AvgTop3,validation,2023-08-01,3222.1006192578975,3201.837524279191,-20.263094978706704,20.263094978706704
autoreg_robustness,0.8,Ensemble_AvgTop3,validation,2023-09-01,3116.0048958834236,2901.7732262862332,-214.23166959719038,214.23166959719038
autoreg_robustness,0.8,Ensemble_AvgTop3,validation,2023-10-01,3071.5216883068247,2555.562680708642,-515.9590075981828,515.9590075981828
autoreg_robustness,0.8,Ensemble_AvgTop3,validation,2023-11-01,2538.7696563458585,2465.9220573960815,-72.84759894977697,72.84759894977697
autoreg_robustness,0.8,Ensemble_AvgTop3,validation,2023-12-01,2624.235216890835,2118.3112037431238,-505.9240131477113,505.9240131477113
autoreg_robustness,0.8,HistGradientBoosting,test,2024-01-01,2965.1582906314657,3576.453401057035,611.2951104255694,611.2951104255694
autoreg_robustness,0.8,HistGradientBoosting,test,2024-02-01,2760.507131410437,3004.995345619499,244.48821420906188,244.48821420906188
autoreg_robustness,0.8,HistGradientBoosting,test,2024-03-01,2807.1739068778566,3064.8824241815378,257.7085173036812,257.7085173036812
autoreg_robustness,0.8,HistGradientBoosting,test,2024-04-01,3228.4446665910073,3012.035358131041,-216.40930845996627,216.40930845996627
autoreg_robustness,0.8,HistGradientBoosting,test,2024-05-01,3155.231976952035,3371.485153836067,216.2531768840322,216.2531768840322
autoreg_robustness,0.8,HistGradientBoosting,test,2024-06-01,3374.494171512661,3511.8829479258466,137.3887764131855,137.3887764131855
autoreg_robustness,0.8,HistGradientBoosting,test,2024-07-01,3554.5620739464284,3750.254397840218,195.69232389378976,195.69232389378976
autoreg_robustness,0.8,HistGradientBoosting,test,2024-08-01,3657.6576846785015,3677.4090283054984,19.751343626996913,19.751343626996913
autoreg_robustness,0.8,HistGradientBoosting,test,2024-09-01,3325.975857792512,3201.2183885547306,-124.7574692377816,124.7574692377816
autoreg_robustness,0.8,HistGradientBoosting,test,2024-10-01,3254.677139036622,3251.947681226198,-2.7294578104242646,2.7294578104242646
autoreg_robustness,0.8,HistGradientBoosting,test,2024-11-01,2342.6704924176015,2739.756588821361,397.0860964037597,397.0860964037597
autoreg_robustness,0.8,HistGradientBoosting,test,2024-12-01,2570.4518230614913,2621.3716702552774,50.919847193786154,50.919847193786154
autoreg_robustness,0.8,HistGradientBoosting,validation,2023-01-01,3156.6309540305083,2853.7866264651343,-302.844327565374,302.844327565374
autoreg_robustness,0.8,HistGradientBoosting,validation,2023-02-01,3097.1085437312404,2936.654140888564,-160.45440284267625,160.45440284267625
autoreg_robustness,0.8,HistGradientBoosting,validation,2023-03-01,3539.268800683049,3373.3747443815478,-165.89405630150122,165.89405630150122
autoreg_robustness,0.8,HistGradientBoosting,validation,2023-04-01,3521.1322051512834,3528.357917376853,7.225712225569623,7.225712225569623
autoreg_robustness,0.8,HistGradientBoosting,validation,2023-05-01,3422.3844948339693,3465.4057289185944,43.02123408462512,43.02123408462512
autoreg_robustness,0.8,HistGradientBoosting,validation,2023-06-01,3014.634117705152,3476.171650876882,461.5375331717296,461.5375331717296
autoreg_robustness,0.8,HistGradientBoosting,validation,2023-07-01,3283.544701628524,3188.6701375807,-94.8745640478237,94.8745640478237
autoreg_robustness,0.8,HistGradientBoosting,validation,2023-08-01,3222.1006192578975,3187.1449368884214,-34.95568236947611,34.95568236947611
autoreg_robustness,0.8,HistGradientBoosting,validation,2023-09-01,3116.0048958834236,2949.286600531064,-166.71829535235975,166.71829535235975
autoreg_robustness,0.8,HistGradientBoosting,validation,2023-10-01,3071.5216883068247,2591.390823873419,-480.1308644334058,480.1308644334058
autoreg_robustness,0.8,HistGradientBoosting,validation,2023-11-01,2538.7696563458585,2548.1918415324117,9.422185186553179,9.422185186553179
autoreg_robustness,0.8,HistGradientBoosting,validation,2023-12-01,2624.235216890835,2123.1622730753343,-501.0729438155008,501.0729438155008
autoreg_robustness,0.8,XGBoost,test,2024-01-01,2965.1582906314657,3541.5113975529894,576.3531069215237,576.3531069215237
autoreg_robustness,0.8,XGBoost,test,2024-02-01,2760.507131410437,3281.6420960504056,521.1349646399685,521.1349646399685
autoreg_robustness,0.8,XGBoost,test,2024-03-01,2807.1739068778566,3119.0747886865465,311.90088180869,311.90088180869
autoreg_robustness,0.8,XGBoost,test,2024-04-01,3228.4446665910073,3081.649782852179,-146.79488373882805,146.79488373882805
autoreg_robustness,0.8,XGBoost,test,2024-05-01,3155.231976952035,3424.944357601182,269.71238064914724,269.71238064914724
autoreg_robustness,0.8,XGBoost,test,2024-06-01,3374.494171512661,3534.26635036603,159.77217885336904,159.77217885336904
autoreg_robustness,0.8,XGBoost,test,2024-07-01,3554.5620739464284,3740.8129730560177,186.25089910958923,186.25089910958923
autoreg_robustness,0.8,XGBoost,test,2024-08-01,3657.6576846785015,3632.850573972528,-24.807110705973628,24.807110705973628
autoreg_robustness,0.8,XGBoost,test,2024-09-01,3325.975857792512,3354.2941505665644,28.318292774052225,28.318292774052225
autoreg_robustness,0.8,XGBoost,test,2024-10-01,3254.677139036622,3399.184851865454,144.50771282883215,144.50771282883215
autoreg_robustness,0.8,XGBoost,test,2024-11-01,2342.6704924176015,3083.444136230341,740.7736438127395,740.7736438127395
autoreg_robustness,0.8,XGBoost,test,2024-12-01,2570.4518230614913,2927.109470293862,356.6576472323709,356.6576472323709
autoreg_robustness,0.8,XGBoost,validation,2023-01-01,3156.6309540305083,2781.031091594203,-375.5998624363051,375.5998624363051
autoreg_robustness,0.8,XGBoost,validation,2023-02-01,3097.1085437312404,2901.4926093822037,-195.6159343490367,195.6159343490367
autoreg_robustness,0.8,XGBoost,validation,2023-03-01,3539.268800683049,3236.6529742050416,-302.6158264780074,302.6158264780074
autoreg_robustness,0.8,XGBoost,validation,2023-04-01,3521.1322051512834,3462.7691229252537,-58.363082226029746,58.363082226029746
autoreg_robustness,0.8,XGBoost,validation,2023-05-01,3422.3844948339693,3393.0934794509762,-29.29101538299301,29.29101538299301
autoreg_robustness,0.8,XGBoost,validation,2023-06-01,3014.634117705152,3342.464584404087,327.83046669893474,327.83046669893474
autoreg_robustness,0.8,XGBoost,validation,2023-07-01,3283.544701628524,3073.7806108619375,-209.76409076658638,209.76409076658638
autoreg_robustness,0.8,XGBoost,validation,2023-08-01,3222.1006192578975,3031.9446529130882,-190.15596634480926,190.15596634480926
autoreg_robustness,0.8,XGBoost,validation,2023-09-01,3116.0048958834236,2830.261331343842,-285.7435645395817,285.7435645395817
autoreg_robustness,0.8,XGBoost,validation,2023-10-01,3071.5216883068247,2552.1574172777787,-519.364271029046,519.364271029046
autoreg_robustness,0.8,XGBoost,validation,2023-11-01,2538.7696563458585,2508.7011295896677,-30.06852675619075,30.06852675619075
autoreg_robustness,0.8,XGBoost,validation,2023-12-01,2624.235216890835,2149.038924615463,-475.1962922753719,475.1962922753719
autoreg_robustness,0.9,Baseline_AssetMonthSeasonal,test,2024-01-01,3024.7131851001054,3645.94017941367,621.2269943135648,621.2269943135648
autoreg_robustness,0.9,Baseline_AssetMonthSeasonal,test,2024-02-01,2845.398592577748,3208.128726818251,362.73013424050305,362.73013424050305
autoreg_robustness,0.9,Baseline_AssetMonthSeasonal,test,2024-03-01,2862.8323412659324,3511.1901385401466,648.3577972742141,648.3577972742141
autoreg_robustness,0.9,Baseline_AssetMonthSeasonal,test,2024-04-01,3335.702738573963,3006.383864664307,-329.31887390965585,329.31887390965585
autoreg_robustness,0.9,Baseline_AssetMonthSeasonal,test,2024-05-01,3156.0143376319156,3249.7572467380487,93.74290910613308,93.74290910613308
autoreg_robustness,0.9,Baseline_AssetMonthSeasonal,test,2024-06-01,3385.3747916298125,2953.3627855762943,-432.01200605351823,432.01200605351823
autoreg_robustness,0.9,Baseline_AssetMonthSeasonal,test,2024-07-01,3563.0609374554992,3598.174879450594,35.11394199509459,35.11394199509459
autoreg_robustness,0.9,Baseline_AssetMonthSeasonal,test,2024-08-01,3725.673425210064,3326.89007266886,-398.7833525412043,398.7833525412043
autoreg_robustness,0.9,Baseline_AssetMonthSeasonal,test,2024-09-01,3291.129951032427,3248.2123100473527,-42.917640985074286,42.917640985074286
autoreg_robustness,0.9,Baseline_AssetMonthSeasonal,test,2024-10-01,3195.178357324487,3624.52779516515,429.3494378406631,429.3494378406631
autoreg_robustness,0.9,Baseline_AssetMonthSeasonal,test,2024-11-01,2262.2030284486414,3071.691485452149,809.4884570035078,809.4884570035078
autoreg_robustness,0.9,Baseline_AssetMonthSeasonal,test,2024-12-01,2514.695343535093,3423.992485432626,909.297141897533,909.297141897533
autoreg_robustness,0.9,Baseline_AssetMonthSeasonal,validation,2023-01-01,3156.6309540305083,3153.8618284123277,-2.769125618180624,2.769125618180624
autoreg_robustness,0.9,Baseline_AssetMonthSeasonal,validation,2023-02-01,3091.809662106697,3209.889136690786,118.07947458408898,118.07947458408898
autoreg_robustness,0.9,Baseline_AssetMonthSeasonal,validation,2023-03-01,3566.763681371131,3604.2509247646108,37.48724339347973,37.48724339347973
autoreg_robustness,0.9,Baseline_AssetMonthSeasonal,validation,2023-04-01,3586.5570921979906,3726.922275604203,140.3651834062125,140.3651834062125
autoreg_robustness,0.9,Baseline_AssetMonthSeasonal,validation,2023-05-01,3531.7442312060552,3766.8165049180748,235.07227371201952,235.07227371201952
autoreg_robustness,0.9,Baseline_AssetMonthSeasonal,validation,2023-06-01,3078.8736846353195,3510.056484764609,431.1828001292897,431.1828001292897
autoreg_robustness,0.9,Baseline_AssetMonthSeasonal,validation,2023-07-01,3401.502805080048,3335.4483820126648,-66.05442306738314,66.05442306738314
autoreg_robustness,0.9,Baseline_AssetMonthSeasonal,validation,2023-08-01,3285.298088370389,3275.3106691031817,-9.987419267207315,9.987419267207315
autoreg_robustness,0.9,Baseline_AssetMonthSeasonal,validation,2023-09-01,3165.6950946229263,2806.61073190829,-359.0843627146364,359.0843627146364
autoreg_robustness,0.9,Baseline_AssetMonthSeasonal,validation,2023-10-01,3106.0797227489625,2836.6482994098747,-269.4314233390878,269.4314233390878
autoreg_robustness,0.9,Baseline_AssetMonthSeasonal,validation,2023-11-01,2552.899381848526,2048.7883927631797,-504.1109890853463,504.1109890853463
autoreg_robustness,0.9,Baseline_AssetMonthSeasonal,validation,2023-12-01,2705.0564354111907,2050.3683510386695,-654.6880843725212,654.6880843725212
autoreg_robustness,0.9,ElasticNet,test,2024-01-01,3024.7131851001054,3292.155585176478,267.44240007637245,267.44240007637245
autoreg_robustness,0.9,ElasticNet,test,2024-02-01,2845.398592577748,2951.9731290800464,106.57453650229854,106.57453650229854
autoreg_robustness,0.9,ElasticNet,test,2024-03-01,2862.8323412659324,2910.097847735972,47.26550647003978,47.26550647003978
autoreg_robustness,0.9,ElasticNet,test,2024-04-01,3335.702738573963,3000.224691140213,-335.4780474337499,335.4780474337499
autoreg_robustness,0.9,ElasticNet,test,2024-05-01,3156.0143376319156,3359.3621379054975,203.34780027358192,203.34780027358192
autoreg_robustness,0.9,ElasticNet,test,2024-06-01,3385.3747916298125,3333.4127253700763,-51.962066259736275,51.962066259736275
autoreg_robustness,0.9,ElasticNet,test,2024-07-01,3563.0609374554992,3689.094429325319,126.03349186981995,126.03349186981995
autoreg_robustness,0.9,ElasticNet,test,2024-08-01,3725.673425210064,3546.9773437363233,-178.69608147374083,178.69608147374083
autoreg_robustness,0.9,ElasticNet,test,2024-09-01,3291.129951032427,3227.3497689341766,-63.78018209825041,63.78018209825041
autoreg_robustness,0.9,ElasticNet,test,2024-10-01,3195.178357324487,3161.6275290275607,-33.550828296926284,33.550828296926284
autoreg_robustness,0.9,ElasticNet,test,2024-11-01,2262.2030284486414,2916.457423505229,654.2543950565878,654.2543950565878
autoreg_robustness,0.9,ElasticNet,test,2024-12-01,2514.695343535093,2757.794573257366,243.09922972227332,243.09922972227332
autoreg_robustness,0.9,ElasticNet,validation,2023-01-01,3156.6309540305083,2759.7844388145418,-396.8465152159665,396.8465152159665
autoreg_robustness,0.9,ElasticNet,validation,2023-02-01,3091.809662106697,3123.5945239544917,31.784861847794673,31.784861847794673
autoreg_robustness,0.9,ElasticNet,validation,2023-03-01,3566.763681371131,3413.894188876228,-152.86949249490317,152.86949249490317
autoreg_robustness,0.9,ElasticNet,validation,2023-04-01,3586.5570921979906,3905.2468009874306,318.6897087894399,318.6897087894399
autoreg_robustness,0.9,ElasticNet,validation,2023-05-01,3531.7442312060552,3939.78372773684,408.0394965307846,408.0394965307846
autoreg_robustness,0.9,ElasticNet,validation,2023-06-01,3078.8736846353195,3779.481745584641,700.6080609493215,700.6080609493215
autoreg_robustness,0.9,ElasticNet,validation,2023-07-01,3401.502805080048,3621.5675284264084,220.06472334636055,220.06472334636055
autoreg_robustness,0.9,ElasticNet,validation,2023-08-01,3285.298088370389,3452.8434295587867,167.54534118839774,167.54534118839774
autoreg_robustness,0.9,ElasticNet,validation,2023-09-01,3165.6950946229263,2972.4283423460515,-193.26675227687474,193.26675227687474
autoreg_robustness,0.9,ElasticNet,validation,2023-10-01,3106.0797227489625,2551.5279293986177,-554.5517933503447,554.5517933503447
autoreg_robustness,0.9,ElasticNet,validation,2023-11-01,2552.899381848526,2353.9015180247115,-198.99786382381444,198.99786382381444
autoreg_robustness,0.9,ElasticNet,validation,2023-12-01,2705.0564354111907,2146.8764241175727,-558.180011293618,558.180011293618
autoreg_robustness,0.9,Ensemble_AvgTop3,test,2024-01-01,3024.7131851001054,3517.6946543613767,492.9814692612713,492.9814692612713
autoreg_robustness,0.9,Ensemble_AvgTop3,test,2024-02-01,2845.398592577748,3143.9793443349927,298.5807517572448,298.5807517572448
autoreg_robustness,0.9,Ensemble_AvgTop3,test,2024-03-01,2862.8323412659324,3072.221898714387,209.38955744845453,209.38955744845453
autoreg_robustness,0.9,Ensemble_AvgTop3,test,2024-04-01,3335.702738573963,3098.7864348482794,-236.91630372568352,236.91630372568352
autoreg_robustness,0.9,Ensemble_AvgTop3,test,2024-05-01,3156.0143376319156,3385.8256230277398,229.81128539582414,229.81128539582414
autoreg_robustness,0.9,Ensemble_AvgTop3,test,2024-06-01,3385.3747916298125,3467.4271403240414,82.05234869422884,82.05234869422884
autoreg_robustness,0.9,Ensemble_AvgTop3,test,2024-07-01,3563.0609374554992,3732.690914447142,169.6299769916427,169.6299769916427
autoreg_robustness,0.9,Ensemble_AvgTop3,test,2024-08-01,3725.673425210064,3664.3914709609144,-61.28195424914975,61.28195424914975
autoreg_robustness,0.9,Ensemble_AvgTop3,test,2024-09-01,3291.129951032427,3238.060292620603,-53.06965841182409,53.06965841182409
autoreg_robustness,0.9,Ensemble_AvgTop3,test,2024-10-01,3195.178357324487,3230.3902163848575,35.21185906037044,35.21185906037044
autoreg_robustness,0.9,Ensemble_AvgTop3,test,2024-11-01,2262.2030284486414,2846.54644185844,584.3434134097988,584.3434134097988
autoreg_robustness,0.9,Ensemble_AvgTop3,test,2024-12-01,2514.695343535093,2728.6406210132814,213.94527747818847,213.94527747818847
autoreg_robustness,0.9,Ensemble_AvgTop3,validation,2023-01-01,3156.6309540305083,2798.20071895796,-358.4302350725484,358.4302350725484
autoreg_robustness,0.9,Ensemble_AvgTop3,validation,2023-02-01,3091.809662106697,2983.917572051942,-107.89209005475504,107.89209005475504
autoreg_robustness,0.9,Ensemble_AvgTop3,validation,2023-03-01,3566.763681371131,3358.4240134715596,-208.3396678995714,208.3396678995714
autoreg_robustness,0.9,Ensemble_AvgTop3,validation,2023-04-01,3586.5570921979906,3675.4244834539377,88.86739125594704,88.86739125594704
autoreg_robustness,0.9,Ensemble_AvgTop3,validation,2023-05-01,3531.7442312060552,3672.480382572707,140.73615136665194,140.73615136665194
autoreg_robustness,0.9,Ensemble_AvgTop3,validation,2023-06-01,3078.8736846353195,3581.139316064577,502.2656314292576,502.2656314292576
autoreg_robustness,0.9,Ensemble_AvgTop3,validation,2023-07-01,3401.502805080048,3369.663546897452,-31.83925818259604,31.83925818259604
autoreg_robustness,0.9,Ensemble_AvgTop3,validation,2023-08-01,3285.298088370389,3264.6375581559896,-20.660530214399387,20.660530214399387
autoreg_robustness,0.9,Ensemble_AvgTop3,validation,2023-09-01,3165.6950946229263,2948.0471228714473,-217.64797175147896,217.64797175147896
autoreg_robustness,0.9,Ensemble_AvgTop3,validation,2023-10-01,3106.0797227489625,2584.315602582899,-521.7641201660635,521.7641201660635
autoreg_robustness,0.9,Ensemble_AvgTop3,validation,2023-11-01,2552.899381848526,2479.646343762466,-73.25303808605986,73.25303808605986
autoreg_robustness,0.9,Ensemble_AvgTop3,validation,2023-12-01,2705.0564354111907,2183.5509702053246,-521.5054652058661,521.5054652058661
autoreg_robustness,0.9,HistGradientBoosting,test,2024-01-01,3024.7131851001054,3648.2860939506745,623.5729088505691,623.5729088505691
autoreg_robustness,0.9,HistGradientBoosting,test,2024-02-01,2845.398592577748,3097.4053389819396,252.00674640419174,252.00674640419174
autoreg_robustness,0.9,HistGradientBoosting,test,2024-03-01,2862.8323412659324,3125.650500179794,262.8181589138617,262.8181589138617
autoreg_robustness,0.9,HistGradientBoosting,test,2024-04-01,3335.702738573963,3112.10370020325,-223.59903837071306,223.59903837071306
autoreg_robustness,0.9,HistGradientBoosting,test,2024-05-01,3156.0143376319156,3372.3211359243674,216.30679829245173,216.30679829245173
autoreg_robustness,0.9,HistGradientBoosting,test,2024-06-01,3385.3747916298125,3523.20656038749,137.8317687576773,137.8317687576773
autoreg_robustness,0.9,HistGradientBoosting,test,2024-07-01,3563.0609374554992,3759.2211564980994,196.16021904260015,196.16021904260015
autoreg_robustness,0.9,HistGradientBoosting,test,2024-08-01,3725.673425210064,3745.792053689581,20.1186284795167,20.1186284795167
autoreg_robustness,0.9,HistGradientBoosting,test,2024-09-01,3291.129951032427,3167.67955296009,-123.45039807233707,123.45039807233707
autoreg_robustness,0.9,HistGradientBoosting,test,2024-10-01,3195.178357324487,3192.4987967565594,-2.6795605679276377,2.6795605679276377
autoreg_robustness,0.9,HistGradientBoosting,test,2024-11-01,2262.2030284486414,2645.6497712777677,383.4467428291264,383.4467428291264
autoreg_robustness,0.9,HistGradientBoosting,test,2024-12-01,2514.695343535093,2564.5106722967203,49.81532876162737,49.81532876162737
autoreg_robustness,0.9,HistGradientBoosting,validation,2023-01-01,3156.6309540305083,2853.7866264651343,-302.844327565374,302.844327565374
autoreg_robustness,0.9,HistGradientBoosting,validation,2023-02-01,3091.809662106697,2931.62978270251,-160.17987940418698,160.17987940418698
autoreg_robustness,0.9,HistGradientBoosting,validation,2023-03-01,3566.763681371131,3399.580873764843,-167.18280760628795,167.18280760628795
autoreg_robustness,0.9,HistGradientBoosting,validation,2023-04-01,3586.5570921979906,3593.9170627753197,7.3599705773290225,7.3599705773290225
autoreg_robustness,0.9,HistGradientBoosting,validation,2023-05-01,3531.7442312060552,3576.1401766432473,44.39594543719204,44.39594543719204
autoreg_robustness,0.9,HistGradientBoosting,validation,2023-06-01,3078.8736846353195,3550.2462326364903,471.3725480011708,471.3725480011708
autoreg_robustness,0.9,HistGradientBoosting,validation,2023-07-01,3401.502805080048,3303.2199659338767,-98.28283914617123,98.28283914617123
autoreg_robustness,0.9,HistGradientBoosting,validation,2023-08-01,3285.298088370389,3249.656794060787,-35.64129430960202,35.64129430960202
autoreg_robustness,0.9,HistGradientBoosting,validation,2023-09-01,3165.6950946229263,2996.3181817438376,-169.37691287908865,169.37691287908865
autoreg_robustness,0.9,HistGradientBoosting,validation,2023-10-01,3106.0797227489625,2620.5468521982016,-485.5328705507609,485.5328705507609
autoreg_robustness,0.9,HistGradientBoosting,validation,2023-11-01,2552.899381848526,2562.3740069600594,9.474625111533442,9.474625111533442
autoreg_robustness,0.9,HistGradientBoosting,validation,2023-12-01,2705.0564354111907,2188.5514428120714,-516.5049925991193,516.5049925991193
autoreg_robustness,0.9,XGBoost,test,2024-01-01,3024.7131851001054,3612.6422839569786,587.9290988568732,587.9290988568732
autoreg_robustness,0.9,XGBoost,test,2024-02-01,2845.398592577748,3382.559564942992,537.1609723652441,537.1609723652441
autoreg_robustness,0.9,XGBoost,test,2024-03-01,2862.8323412659324,3180.9173482273964,318.08500696146393,318.08500696146393
autoreg_robustness,0.9,XGBoost,test,2024-04-01,3335.702738573963,3184.030913201375,-151.67182537258805,151.67182537258805
autoreg_robustness,0.9,XGBoost,test,2024-05-01,3156.0143376319156,3425.7935952533553,269.7792576214397,269.7792576214397
autoreg_robustness,0.9,XGBoost,test,2024-06-01,3385.3747916298125,3545.6621352145567,160.28734358474412,160.28734358474412
autoreg_robustness,0.9,XGBoost,test,2024-07-01,3563.0609374554992,3749.7571575180054,186.6962200625062,186.6962200625062
autoreg_robustness,0.9,XGBoost,test,2024-08-01,3725.673425210064,3700.4050154568386,-25.26840975322557,25.26840975322557
autoreg_robustness,0.9,XGBoost,test,2024-09-01,3291.129951032427,3319.1515559675418,28.021604935114738,28.021604935114738
autoreg_robustness,0.9,XGBoost,test,2024-10-01,3195.178357324487,3337.044323370452,141.8659660459648,141.8659660459648
autoreg_robustness,0.9,XGBoost,test,2024-11-01,2262.2030284486414,2977.5321307923236,715.3291023436823,715.3291023436823
autoreg_robustness,0.9,XGBoost,test,2024-12-01,2514.695343535093,2863.616617485758,348.9212739506652,348.9212739506652
autoreg_robustness,0.9,XGBoost,validation,2023-01-01,3156.6309540305083,2781.031091594203,-375.5998624363051,375.5998624363051
autoreg_robustness,0.9,XGBoost,validation,2023-02-01,3091.809662106697,2896.528409498824,-195.28125260787283,195.28125260787283
autoreg_robustness,0.9,XGBoost,validation,2023-03-01,3566.763681371131,3261.796977773609,-304.96670359752216,304.96670359752216
autoreg_robustness,0.9,XGBoost,validation,2023-04-01,3586.5570921979906,3527.109586599062,-59.44750559892873,59.44750559892873
autoreg_robustness,0.9,XGBoost,validation,2023-05-01,3531.7442312060552,3501.5172433380335,-30.22698786802175,30.22698786802175
autoreg_robustness,0.9,XGBoost,validation,2023-06-01,3078.8736846353195,3413.6899699725986,334.81628533727917,334.81628533727917
autoreg_robustness,0.9,XGBoost,validation,2023-07-01,3401.502805080048,3184.20314633207,-217.2996587479779,217.2996587479779
autoreg_robustness,0.9,XGBoost,validation,2023-08-01,3285.298088370389,3091.412450848396,-193.88563752199298,193.88563752199298
autoreg_robustness,0.9,XGBoost,validation,2023-09-01,3165.6950946229263,2875.3948445244537,-290.3002500984726,290.3002500984726
autoreg_robustness,0.9,XGBoost,validation,2023-10-01,3106.0797227489625,2580.872026151878,-525.2076965970846,525.2076965970846
autoreg_robustness,0.9,XGBoost,validation,2023-11-01,2552.899381848526,2522.663506302628,-30.235875545898125,30.235875545898125
autoreg_robustness,0.9,XGBoost,validation,2023-12-01,2705.0564354111907,2215.225043686329,-489.83139172486153,489.83139172486153
